fromId,toId,isTruth,APISupport,APIRank0,patternSupport
1,60470,true,2,0.5,41
1,219,true,2,0.5,18
1,10,false,3,0.75,33
1,60207,false,4,1.0,22
1,60447,true,2,0.5,12
1,60981,true,1,0.25,10
1,79,true,1,0.25,18
1,60468,false,1,0.25,8
1,107,true,0,0.0,43
1,60378,true,0,0.0,29
1,60591,true,0,0.0,21
1,382,true,0,0.0,10
1,62601,false,0,0.0,8
1,60252,false,0,0.0,26
1,60328,false,0,0.0,29
1,264,true,0,0.0,16
1,60423,false,0,0.0,15
1,60550,false,0,0.0,10
1,60305,false,0,0.0,9
1,60335,false,0,0.0,8
1,37,false,0,0.0,20
1,60760,false,0,0.0,25
1,60218,false,0,0.0,29
1,15,false,0,0.0,22
1,60612,false,0,0.0,9
1,60435,false,0,0.0,12
1,60536,false,0,0.0,17
1,83,true,0,0.0,32
1,274,false,0,0.0,14
1,60819,true,0,0.0,8
1,60764,false,0,0.0,8
1,31,false,0,0.0,23
1,85,false,0,0.0,13
1,115,false,0,0.0,33
1,51,false,0,0.0,25
1,8,false,0,0.0,35
1,156,false,0,0.0,24
1,60232,false,0,0.0,22
1,60240,false,0,0.0,33
1,60474,false,0,0.0,13
1,60420,false,0,0.0,13
1,41,false,0,0.0,14
1,74,false,0,0.0,11
1,216,false,0,0.0,21
1,135,false,0,0.0,11
1,44,false,0,0.0,31
1,60409,false,0,0.0,13
1,60481,false,0,0.0,14
1,25,false,0,0.0,36
1,55,false,0,0.0,32
1,69,false,0,0.0,15
1,46,false,0,0.0,31
1,68,false,0,0.0,28
1,60419,false,0,0.0,13
1,60417,false,0,0.0,8
1,57,false,0,0.0,20
1,198,false,0,0.0,21
1,200,false,0,0.0,21
1,60338,false,0,0.0,20
1,24,false,0,0.0,30
1,47,false,0,0.0,24
1,16,false,0,0.0,16
1,123,false,0,0.0,10
1,111,false,0,0.0,8
1,94,false,0,0.0,21
1,196,false,0,0.0,21
1,60352,false,0,0.0,19
1,60579,false,0,0.0,12
1,60359,false,0,0.0,12
1,213,false,0,0.0,12
1,52,false,0,0.0,29
1,60345,false,0,0.0,14
1,60597,false,0,0.0,9
1,246,false,0,0.0,14
1,75,false,0,0.0,12
1,60586,false,0,0.0,8
1,60494,false,0,0.0,14
1,36,false,0,0.0,20
1,193,false,0,0.0,11
1,60708,false,0,0.0,11
1,462,false,0,0.0,9
1,60264,false,0,0.0,18
1,32,false,0,0.0,28
1,5,false,0,0.0,24
1,30,false,0,0.0,25
1,204,false,0,0.0,12
1,60225,false,0,0.0,9
1,60506,false,0,0.0,12
1,268,false,0,0.0,9
1,26,false,0,0.0,29
1,185,false,0,0.0,17
1,60430,false,0,0.0,8
1,60644,false,0,0.0,9
1,60324,false,0,0.0,14
1,280,false,0,0.0,13
1,288,false,0,0.0,8
1,64,false,0,0.0,9
1,60713,false,0,0.0,9
1,60365,false,0,0.0,13
1,60304,false,0,0.0,15
1,87,false,0,0.0,9
1,67,false,0,0.0,16
1,97,false,0,0.0,16
1,118,false,0,0.0,8
1,175,false,0,0.0,8
1,60454,false,0,0.0,8
1,60407,false,0,0.0,8
1,60310,false,0,0.0,9
1,110,false,0,0.0,9
1,232,false,0,0.0,9
1,114,false,0,0.0,8
1,138,false,0,0.0,8
1,21,false,0,0.0,14
1,245,false,0,0.0,8
5,64,true,611,0.6438356164383562,183
5,151,true,949,1.0,32
5,123,false,163,0.17175974710221287,84
5,15,false,141,0.14857744994731295,111
5,31,false,140,0.1475237091675448,131
5,85,false,90,0.09483667017913593,77
5,149,false,65,0.0684931506849315,59
5,10,false,35,0.0368809272918862,145
5,138,false,648,0.6828240252897787,47
5,60218,false,29,0.030558482613277135,161
5,25,false,42,0.044257112750263436,192
5,90,false,222,0.2339304531085353,22
5,37,false,26,0.0273972602739726,67
5,47,false,22,0.023182297154899896,97
5,60207,false,17,0.01791359325605901,129
5,60420,false,84,0.08851422550052687,24
5,60417,false,72,0.07586933614330875,24
5,51,false,20,0.02107481559536354,74
5,60232,false,3,0.003161222339304531,101
5,8,false,9,0.009483667017913594,160
5,518,false,31,0.032665964172813484,14
5,44,false,9,0.009483667017913594,132
5,287,false,28,0.029504741833508957,27
5,69,false,9,0.009483667017913594,67
5,60240,false,4,0.004214963119072708,142
5,16,false,8,0.008429926238145416,75
5,52,false,17,0.01791359325605901,80
5,60474,false,20,0.02107481559536354,34
5,135,false,7,0.007376185458377239,42
5,60592,false,12,0.012644889357218124,32
5,60328,false,2,0.002107481559536354,85
5,230,false,3,0.003161222339304531,37
5,75,false,3,0.003161222339304531,40
5,60494,false,25,0.026343519494204427,38
5,94,false,8,0.008429926238145416,70
5,405,false,20,0.02107481559536354,16
5,46,false,6,0.006322444678609062,88
5,60933,false,11,0.011591148577449948,15
5,145,false,5,0.005268703898840885,42
5,60694,false,8,0.008429926238145416,22
5,60252,false,4,0.004214963119072708,49
5,60454,false,23,0.02423603793466807,21
5,60430,false,6,0.006322444678609062,35
5,57,false,2,0.002107481559536354,88
5,60467,false,12,0.012644889357218124,11
5,61047,false,3,0.003161222339304531,15
5,79,false,3,0.003161222339304531,81
5,370,false,36,0.037934668071654375,11
5,205,false,14,0.014752370916754479,33
5,41,false,1,0.001053740779768177,68
5,55,false,3,0.003161222339304531,77
5,60432,false,8,0.008429926238145416,24
5,32,false,2,0.002107481559536354,93
5,218,false,42,0.044257112750263436,14
5,189,false,16,0.01685985247629083,20
5,60612,false,16,0.01685985247629083,14
5,290,false,9,0.009483667017913594,13
5,60801,false,16,0.01685985247629083,17
5,60264,false,1,0.001053740779768177,76
5,61311,false,3,0.003161222339304531,12
5,216,false,1,0.001053740779768177,58
5,60831,false,1,0.001053740779768177,12
5,462,false,7,0.007376185458377239,18
5,165,false,2,0.002107481559536354,36
5,61906,false,1,0.001053740779768177,18
5,60579,false,6,0.006322444678609062,31
5,156,false,2,0.002107481559536354,49
5,60321,false,2,0.002107481559536354,21
5,60702,false,7,0.007376185458377239,17
5,267,false,9,0.009483667017913594,20
5,62252,false,6,0.006322444678609062,11
5,60425,false,3,0.003161222339304531,31
5,60512,false,1,0.001053740779768177,32
5,62660,false,11,0.011591148577449948,9
5,61318,false,4,0.004214963119072708,8
5,60444,false,1,0.001053740779768177,12
5,152,false,3,0.003161222339304531,32
5,2182,false,5,0.005268703898840885,10
5,323,false,3,0.003161222339304531,14
5,175,false,8,0.008429926238145416,26
5,60559,false,21,0.022128556375131718,12
5,60981,false,3,0.003161222339304531,17
5,61115,false,25,0.026343519494204427,10
5,60407,false,17,0.01791359325605901,14
5,36,false,2,0.002107481559536354,54
5,74,false,1,0.001053740779768177,23
5,185,false,6,0.006322444678609062,29
5,61456,false,1,0.001053740779768177,12
5,1856,false,4,0.004214963119072708,8
5,60462,false,18,0.018967334035827187,8
5,60426,false,5,0.005268703898840885,10
5,266,false,1,0.001053740779768177,18
5,643,false,2,0.002107481559536354,13
5,60480,false,4,0.004214963119072708,23
5,60764,false,9,0.009483667017913594,11
5,61985,false,4,0.004214963119072708,9
5,60597,false,7,0.007376185458377239,17
5,60342,false,3,0.003161222339304531,23
5,60724,false,2,0.002107481559536354,17
5,300,false,2,0.002107481559536354,10
5,60583,false,3,0.003161222339304531,17
5,264,false,1,0.001053740779768177,25
5,60734,false,4,0.004214963119072708,19
5,672,false,1,0.001053740779768177,8
5,97,false,1,0.001053740779768177,45
5,495,false,2,0.002107481559536354,17
5,60985,false,3,0.003161222339304531,10
5,219,false,1,0.001053740779768177,13
5,61281,false,6,0.006322444678609062,8
5,60684,false,2,0.002107481559536354,9
5,310,false,5,0.005268703898840885,8
5,30,false,2,0.002107481559536354,51
5,60481,false,1,0.001053740779768177,18
5,26,false,1,0.001053740779768177,58
5,1799,false,1,0.001053740779768177,13
5,60434,false,1,0.001053740779768177,21
5,63191,false,3,0.003161222339304531,10
5,366,false,4,0.004214963119072708,8
5,60811,false,3,0.003161222339304531,14
5,60773,false,1,0.001053740779768177,14
5,307,false,1,0.001053740779768177,18
5,60683,false,1,0.001053740779768177,12
5,1100,false,4,0.004214963119072708,12
5,60437,false,2,0.002107481559536354,14
5,62273,false,4,0.004214963119072708,9
5,61212,false,1,0.001053740779768177,8
5,60659,false,1,0.001053740779768177,8
5,834,false,4,0.004214963119072708,11
5,60586,false,2,0.002107481559536354,12
5,60841,false,2,0.002107481559536354,10
5,60787,false,1,0.001053740779768177,8
5,455,false,2,0.002107481559536354,11
5,60439,false,0,0.0,177
5,155,true,0,0.0,47
5,248,true,0,0.0,23
5,172,false,0,0.0,13
5,487,false,0,0.0,10
5,72257,false,0,0.0,8
5,17,false,0,0.0,23
5,1829,false,0,0.0,16
5,76,false,0,0.0,17
5,107,false,0,0.0,70
5,215,false,0,0.0,40
5,1,false,0,0.0,103
5,7838,false,0,0.0,9
5,362,false,0,0.0,26
5,60423,false,0,0.0,47
5,60367,false,0,0.0,42
5,60280,false,0,0.0,26
5,167,false,0,0.0,11
5,60378,false,0,0.0,45
5,87,false,0,0.0,21
5,111,false,0,0.0,37
5,11,false,0,0.0,22
5,60749,false,0,0.0,18
5,60771,false,0,0.0,20
5,1248,false,0,0.0,13
5,483,false,0,0.0,13
5,186,false,0,0.0,19
5,60760,false,0,0.0,54
5,60435,false,0,0.0,24
5,60470,false,0,0.0,33
5,60984,false,0,0.0,23
5,61059,false,0,0.0,17
5,60225,false,0,0.0,22
5,60506,false,0,0.0,37
5,382,false,0,0.0,13
5,60536,false,0,0.0,37
5,196,false,0,0.0,42
5,83,false,0,0.0,64
5,60979,false,0,0.0,9
5,21,false,0,0.0,59
5,60338,false,0,0.0,53
5,60358,false,0,0.0,15
5,204,false,0,0.0,42
5,115,false,0,0.0,71
5,179,false,0,0.0,10
5,281,false,0,0.0,8
5,61860,false,0,0.0,8
5,193,false,0,0.0,26
5,60601,false,0,0.0,27
5,669,false,0,0.0,10
5,60409,false,0,0.0,29
5,222,false,0,0.0,14
5,62747,false,0,0.0,8
5,1058,false,0,0.0,18
5,60708,false,0,0.0,31
5,60713,false,0,0.0,21
5,2394,false,0,0.0,8
5,60591,false,0,0.0,33
5,62631,false,0,0.0,10
5,232,false,0,0.0,31
5,60479,false,0,0.0,17
5,200,false,0,0.0,37
5,268,false,0,0.0,28
5,62186,false,0,0.0,9
5,62343,false,0,0.0,10
5,604,false,0,0.0,14
5,160,false,0,0.0,23
5,60324,false,0,0.0,32
5,60625,false,0,0.0,17
5,60304,false,0,0.0,37
5,465,false,0,0.0,9
5,60284,false,0,0.0,31
5,1162,false,0,0.0,10
5,60794,false,0,0.0,15
5,114,false,0,0.0,27
5,213,false,0,0.0,37
5,60665,false,0,0.0,18
5,60917,false,0,0.0,15
5,60666,false,0,0.0,9
5,60795,false,0,0.0,14
5,60626,false,0,0.0,15
5,236,false,0,0.0,22
5,60365,false,0,0.0,29
5,62139,false,0,0.0,10
5,60599,false,0,0.0,17
5,62259,false,0,0.0,10
5,60310,false,0,0.0,25
5,197,false,0,0.0,17
5,198,false,0,0.0,35
5,62294,false,0,0.0,8
5,60779,false,0,0.0,8
5,61036,false,0,0.0,9
5,260,false,0,0.0,18
5,60929,false,0,0.0,12
5,60740,false,0,0.0,11
5,60515,false,0,0.0,28
5,60306,false,0,0.0,12
5,60419,false,0,0.0,19
5,60277,false,0,0.0,8
5,60894,false,0,0.0,10
5,60345,false,0,0.0,31
5,243,false,0,0.0,11
5,756,false,0,0.0,13
5,280,false,0,0.0,26
5,60642,false,0,0.0,18
5,211,false,0,0.0,13
5,519,false,0,0.0,14
5,147,false,0,0.0,8
5,24,false,0,0.0,46
5,60359,false,0,0.0,24
5,61197,false,0,0.0,11
5,62577,false,0,0.0,8
5,60661,false,0,0.0,15
5,60551,false,0,0.0,9
5,61101,false,0,0.0,8
5,274,false,0,0.0,30
5,60305,false,0,0.0,10
5,61191,false,0,0.0,11
5,61427,false,0,0.0,12
5,60577,false,0,0.0,17
5,60790,false,0,0.0,13
5,61006,false,0,0.0,15
5,62302,false,0,0.0,8
5,299,false,0,0.0,11
5,60714,false,0,0.0,14
5,60930,false,0,0.0,13
5,246,false,0,0.0,19
5,245,false,0,0.0,12
5,284,false,0,0.0,17
5,60736,false,0,0.0,11
5,1119,false,0,0.0,12
5,60550,false,0,0.0,11
5,60447,false,0,0.0,21
5,60482,false,0,0.0,19
5,256,false,0,0.0,22
5,60352,false,0,0.0,35
5,60690,false,0,0.0,14
5,169,false,0,0.0,12
5,60925,false,0,0.0,9
5,2108,false,0,0.0,8
5,1485,false,0,0.0,9
5,60542,false,0,0.0,10
5,293,false,0,0.0,8
5,498,false,0,0.0,10
5,66929,false,0,0.0,8
5,60782,false,0,0.0,8
5,68,false,0,0.0,36
5,1134,false,0,0.0,15
5,60906,false,0,0.0,8
5,296,false,0,0.0,19
5,269,false,0,0.0,10
5,60677,false,0,0.0,9
5,60647,false,0,0.0,17
5,60468,false,0,0.0,13
5,621,false,0,0.0,10
5,60652,false,0,0.0,8
5,61124,false,0,0.0,12
5,60756,false,0,0.0,8
5,1171,false,0,0.0,9
5,1164,false,0,0.0,10
5,1761,false,0,0.0,11
5,60485,false,0,0.0,10
5,573,false,0,0.0,9
5,393,false,0,0.0,10
5,1825,false,0,0.0,12
5,61267,false,0,0.0,8
5,288,true,0,0.0,19
5,654,false,0,0.0,9
5,67,false,0,0.0,19
5,60970,false,0,0.0,10
5,110,false,0,0.0,8
5,60688,false,0,0.0,11
5,144,false,0,0.0,10
5,562,false,0,0.0,8
5,60711,false,0,0.0,10
5,615,false,0,0.0,9
5,668,false,0,0.0,9
5,61722,false,0,0.0,9
5,60956,false,0,0.0,8
5,61320,false,0,0.0,8
5,60936,false,0,0.0,10
5,328,false,0,0.0,13
5,60670,false,0,0.0,13
5,536,false,0,0.0,12
5,60717,false,0,0.0,8
5,60644,false,0,0.0,10
5,2727,false,0,0.0,8
5,1557,false,0,0.0,9
5,118,false,0,0.0,8
5,1785,false,0,0.0,10
5,61822,false,0,0.0,11
5,18,false,0,0.0,11
5,850,false,0,0.0,12
5,911,false,0,0.0,11
5,60657,false,0,0.0,8
5,489,false,0,0.0,9
5,1395,false,0,0.0,8
60936,60264,false,5,1.0,11
60936,274,true,1,0.2,9
60936,62394,false,0,0.0,10
8,60252,false,19,0.2676056338028169,42
8,60264,true,71,1.0,36
8,10,false,25,0.352112676056338,46
8,60240,false,20,0.28169014084507044,51
8,25,true,48,0.676056338028169,51
8,5,false,14,0.19718309859154928,77
8,60218,false,4,0.056338028169014086,61
8,455,false,49,0.6901408450704225,15
8,60232,false,6,0.08450704225352113,36
8,60420,false,42,0.5915492957746479,12
8,16,true,2,0.028169014084507043,52
8,97,true,71,1.0,22
8,60207,false,9,0.1267605633802817,41
8,115,false,23,0.323943661971831,36
8,64,false,5,0.07042253521126761,21
8,218,true,48,0.676056338028169,10
8,44,true,3,0.04225352112676056,48
8,55,false,5,0.07042253521126761,48
8,60579,false,11,0.15492957746478872,18
8,61322,false,20,0.28169014084507044,8
8,31,false,2,0.028169014084507043,46
8,1100,false,20,0.28169014084507044,15
8,107,false,1,0.014084507042253521,39
8,85,false,2,0.028169014084507043,23
8,1145,false,4,0.056338028169014086,9
8,36,false,4,0.056338028169014086,38
8,41,false,3,0.04225352112676056,25
8,60597,false,20,0.28169014084507044,9
8,47,false,5,0.07042253521126761,31
8,60474,false,4,0.056338028169014086,13
8,60328,false,1,0.014084507042253521,40
8,60435,false,2,0.028169014084507043,13
8,60481,false,2,0.028169014084507043,11
8,60439,false,14,0.19718309859154928,10
8,15,false,1,0.014084507042253521,28
8,79,false,4,0.056338028169014086,31
8,541,false,7,0.09859154929577464,10
8,26,false,9,0.1267605633802817,30
8,1799,false,1,0.014084507042253521,11
8,52,false,8,0.11267605633802817,29
8,32,false,15,0.2112676056338028,24
8,46,false,1,0.014084507042253521,45
8,60437,false,2,0.028169014084507043,12
8,185,false,4,0.056338028169014086,23
8,57,false,1,0.014084507042253521,41
8,94,false,1,0.014084507042253521,30
8,145,false,4,0.056338028169014086,10
8,60454,false,8,0.11267605633802817,8
8,60981,false,3,0.04225352112676056,8
8,60551,false,2,0.028169014084507043,9
8,307,false,2,0.028169014084507043,14
8,149,false,2,0.028169014084507043,10
8,186,false,1,0.014084507042253521,10
8,51,false,1,0.014084507042253521,40
8,60702,false,2,0.028169014084507043,9
8,60430,false,2,0.028169014084507043,17
8,60345,false,1,0.014084507042253521,21
8,74,false,1,0.014084507042253521,13
8,216,false,1,0.014084507042253521,26
8,462,false,4,0.056338028169014086,10
8,175,false,1,0.014084507042253521,17
8,138,false,1,0.014084507042253521,16
8,21,false,1,0.014084507042253521,28
8,60284,false,11,0.15492957746478872,8
8,213,false,1,0.014084507042253521,20
8,60661,false,1,0.014084507042253521,12
8,189,false,4,0.056338028169014086,8
8,60367,false,2,0.028169014084507043,14
8,60352,false,1,0.014084507042253521,19
8,264,false,2,0.028169014084507043,8
8,24,false,1,0.014084507042253521,28
8,268,false,1,0.014084507042253521,13
8,67,false,1,0.014084507042253521,23
8,60324,false,1,0.014084507042253521,18
8,60304,false,1,0.014084507042253521,16
8,60365,false,1,0.014084507042253521,13
8,60480,false,1,0.014084507042253521,9
8,60586,false,1,0.014084507042253521,8
8,76,false,0,0.0,12
8,17,false,0,0.0,14
8,69,true,0,0.0,42
8,60335,true,0,0.0,11
8,11,false,0,0.0,15
8,219,false,0,0.0,11
8,60305,true,0,0.0,12
8,622,false,0,0.0,15
8,230,false,0,0.0,17
8,266,false,0,0.0,13
8,37,false,0,0.0,33
8,60423,false,0,0.0,22
8,215,false,0,0.0,17
8,60760,false,0,0.0,35
8,60358,false,0,0.0,8
8,60419,false,0,0.0,20
8,61212,false,0,0.0,10
8,1,false,0,0.0,42
8,60539,false,0,0.0,8
8,60642,false,0,0.0,12
8,90,false,0,0.0,8
8,169,false,0,0.0,12
8,60470,false,0,0.0,19
8,123,false,0,0.0,18
8,60359,false,0,0.0,15
8,293,false,0,0.0,8
8,83,false,0,0.0,32
8,60378,false,0,0.0,21
8,573,false,0,0.0,8
8,60591,false,0,0.0,15
8,60338,false,0,0.0,24
8,60502,false,0,0.0,10
8,1751,false,0,0.0,9
8,200,false,0,0.0,21
8,75,false,0,0.0,15
8,256,false,0,0.0,12
8,198,false,0,0.0,24
8,296,false,0,0.0,10
8,274,false,0,0.0,14
8,152,false,0,0.0,9
8,834,false,0,0.0,12
8,60683,false,0,0.0,9
8,269,false,0,0.0,9
8,193,false,0,0.0,8
8,1485,false,0,0.0,9
8,196,false,0,0.0,21
8,267,true,0,0.0,13
8,160,true,0,0.0,13
8,68,false,0,0.0,24
8,60801,false,0,0.0,8
8,280,false,0,0.0,12
8,204,false,0,0.0,16
8,2192,false,0,0.0,9
8,232,false,0,0.0,14
8,60677,false,0,0.0,8
8,60601,false,0,0.0,10
8,135,false,0,0.0,12
8,30,false,0,0.0,29
8,60310,false,0,0.0,13
8,60494,false,0,0.0,12
8,688,false,0,0.0,8
8,60930,false,0,0.0,8
8,814,false,0,0.0,9
8,60713,false,0,0.0,10
8,60409,false,0,0.0,15
8,1058,false,0,0.0,11
8,60717,false,0,0.0,10
8,236,false,0,0.0,11
8,246,false,0,0.0,12
8,288,false,0,0.0,15
8,1119,false,0,0.0,8
8,156,false,0,0.0,21
8,60811,false,0,0.0,8
8,60536,false,0,0.0,15
8,60542,false,0,0.0,9
8,87,false,0,0.0,9
8,60506,false,0,0.0,9
8,60665,false,0,0.0,10
8,114,false,0,0.0,11
8,60407,false,0,0.0,11
8,118,false,0,0.0,9
8,111,false,0,0.0,8
8,110,false,0,0.0,9
8,60515,false,0,0.0,8
8,60756,false,0,0.0,8
8,60644,false,0,0.0,11
8,205,false,0,0.0,8
10,60232,true,65,0.5371900826446281,45
10,5,false,65,0.5371900826446281,59
10,64,false,120,0.9917355371900827,19
10,60218,true,42,0.34710743801652894,40
10,145,false,121,1.0,18
10,8,false,39,0.32231404958677684,40
10,16,false,38,0.3140495867768595,25
10,51,true,12,0.09917355371900827,36
10,44,false,37,0.30578512396694213,28
10,69,false,37,0.30578512396694213,19
10,15,false,14,0.11570247933884298,24
10,60439,false,65,0.5371900826446281,9
10,60207,true,40,0.3305785123966942,22
10,60252,false,10,0.08264462809917356,19
10,37,false,11,0.09090909090909091,25
10,186,false,15,0.12396694214876033,11
10,31,false,16,0.1322314049586777,28
10,60474,true,36,0.2975206611570248,10
10,25,false,17,0.14049586776859505,29
10,465,false,3,0.024793388429752067,10
10,85,false,6,0.049586776859504134,16
10,60240,false,9,0.0743801652892562,21
10,41,false,10,0.08264462809917356,16
10,266,false,3,0.024793388429752067,11
10,123,false,4,0.03305785123966942,16
10,60365,false,3,0.024793388429752067,16
10,97,false,10,0.08264462809917356,11
10,94,true,10,0.08264462809917356,12
10,60264,false,10,0.08264462809917356,12
10,280,false,3,0.024793388429752067,16
10,57,false,3,0.024793388429752067,23
10,149,false,2,0.01652892561983471,13
10,307,false,3,0.024793388429752067,13
10,60328,false,3,0.024793388429752067,24
10,165,false,3,0.024793388429752067,10
10,107,false,3,0.024793388429752067,16
10,47,false,4,0.03305785123966942,18
10,135,false,2,0.01652892561983471,10
10,60597,false,15,0.12396694214876033,9
10,264,false,7,0.05785123966942149,10
10,268,false,3,0.024793388429752067,12
10,60306,false,2,0.01652892561983471,9
10,32,false,4,0.03305785123966942,18
10,75,false,1,0.008264462809917356,14
10,60536,false,3,0.024793388429752067,8
10,156,false,7,0.05785123966942149,8
10,1164,false,1,0.008264462809917356,8
10,60423,false,1,0.008264462809917356,13
10,52,false,4,0.03305785123966942,12
10,21,false,2,0.01652892561983471,9
10,26,false,3,0.024793388429752067,13
10,60310,false,1,0.008264462809917356,9
10,36,false,3,0.024793388429752067,8
10,60367,false,1,0.008264462809917356,10
10,55,false,3,0.024793388429752067,12
10,60284,false,2,0.01652892561983471,8
10,60280,false,0,0.0,24
10,90,false,0,0.0,10
10,60358,false,0,0.0,10
10,60435,false,0,0.0,9
10,60225,false,0,0.0,9
10,60378,false,0,0.0,17
10,230,false,0,0.0,10
10,215,false,0,0.0,11
10,1,false,0,0.0,21
10,236,false,0,0.0,10
10,67,false,0,0.0,9
10,216,false,0,0.0,11
10,256,false,0,0.0,8
10,87,false,0,0.0,8
10,1058,false,0,0.0,8
10,46,false,0,0.0,15
10,213,false,0,0.0,9
10,175,false,0,0.0,13
10,288,false,0,0.0,9
10,60760,false,0,0.0,9
10,83,false,0,0.0,8
10,204,false,0,0.0,8
10,115,false,0,0.0,8
15,230,true,12,0.10810810810810811,10
15,5,false,111,1.0,9
15,10,false,13,0.11711711711711711,19
15,123,true,7,0.06306306306306306,12
15,60240,false,4,0.036036036036036036,15
15,149,true,5,0.04504504504504504,8
15,60218,false,4,0.036036036036036036,13
15,32,false,5,0.04504504504504504,11
15,60207,false,5,0.04504504504504504,9
15,47,false,1,0.009009009009009009,14
15,55,false,1,0.009009009009009009,8
15,31,true,0,0.0,23
15,60232,false,0,0.0,18
15,215,true,0,0.0,11
15,90,false,0,0.0,10
15,156,true,0,0.0,14
15,51,false,0,0.0,12
15,111,false,0,0.0,9
15,97,false,0,0.0,12
15,57,false,0,0.0,10
15,16,false,0,0.0,10
15,115,false,0,0.0,11
15,37,false,0,0.0,9
15,213,false,0,0.0,8
15,69,false,0,0.0,8
15,8,false,0,0.0,15
15,1,false,0,0.0,8
16,25,true,49,0.7903225806451613,20
16,97,true,62,1.0,17
16,60264,true,62,1.0,11
16,10,false,25,0.4032258064516129,12
16,5,false,13,0.20967741935483872,26
16,60240,false,20,0.3225806451612903,14
16,60232,false,6,0.0967741935483871,13
16,41,false,3,0.04838709677419355,8
16,115,false,21,0.3387096774193548,10
16,60218,false,3,0.04838709677419355,17
16,47,false,4,0.06451612903225806,13
16,60207,false,9,0.14516129032258066,10
16,85,false,4,0.06451612903225806,9
16,15,false,1,0.016129032258064516,11
16,32,false,14,0.22580645161290322,12
16,60324,false,1,0.016129032258064516,9
16,31,false,2,0.03225806451612903,8
16,107,false,1,0.016129032258064516,8
16,185,false,3,0.04838709677419355,9
16,60328,false,1,0.016129032258064516,9
16,55,false,5,0.08064516129032258,11
16,36,false,4,0.06451612903225806,11
16,51,false,1,0.016129032258064516,12
16,60352,false,1,0.016129032258064516,8
16,52,false,7,0.11290322580645161,8
16,46,false,1,0.016129032258064516,8
16,44,true,0,0.0,29
16,69,true,0,0.0,21
16,60305,true,0,0.0,9
16,8,true,0,0.0,27
16,11,false,0,0.0,8
16,60760,false,0,0.0,12
16,37,false,0,0.0,13
16,169,false,0,0.0,8
16,1,false,0,0.0,15
16,60378,false,0,0.0,8
16,200,false,0,0.0,8
16,198,false,0,0.0,8
16,30,false,0,0.0,8
60435,41,true,155,1.0,22
60435,135,true,38,0.24516129032258063,10
60435,37,true,23,0.14838709677419354,13
60435,44,false,5,0.03225806451612903,17
60435,60328,true,4,0.025806451612903226,15
60435,25,false,5,0.03225806451612903,14
60435,8,false,5,0.03225806451612903,17
60435,60423,true,3,0.01935483870967742,12
60435,47,false,1,0.0064516129032258064,12
60435,60207,false,1,0.0064516129032258064,12
60435,60218,false,1,0.0064516129032258064,9
60435,75,true,0,0.0,14
60435,186,false,0,0.0,9
60435,87,true,0,0.0,9
60435,215,false,0,0.0,8
60435,31,false,0,0.0,10
60435,46,false,0,0.0,9
60435,51,false,0,0.0,8
60435,10,false,0,0.0,10
60435,30,false,0,0.0,8
60435,60264,false,0,0.0,8
60435,64,false,0,0.0,8
60435,55,false,0,0.0,8
60435,32,false,0,0.0,8
25,16,true,1331,0.9419674451521586,156
25,8,true,1413,1.0,206
25,69,true,1323,0.9363057324840764,69
25,60335,true,80,0.056617126680820945,54
25,44,true,1323,0.9363057324840764,125
25,60305,true,10,0.007077140835102618,78
25,60252,false,121,0.08563340410474168,68
25,267,true,1323,0.9363057324840764,16
25,290,true,1323,0.9363057324840764,9
25,10,false,33,0.02335456475583864,93
25,60240,false,121,0.08563340410474168,91
25,60264,true,97,0.0686482661004954,60
25,97,true,67,0.047416843595187545,64
25,218,true,6,0.004246284501061571,41
25,60218,false,33,0.02335456475583864,104
25,47,false,70,0.04953998584571833,69
25,5,false,25,0.017692852087756547,106
25,60207,false,49,0.03467799009200283,72
25,1100,false,121,0.08563340410474168,14
25,60232,false,7,0.004953998584571833,67
25,60420,false,159,0.11252653927813164,18
25,60328,false,6,0.004246284501061571,77
25,60400,true,1,7.077140835102619E-4,16
25,60439,false,25,0.017692852087756547,23
25,37,false,4,0.0028308563340410475,54
25,60417,false,146,0.10332625619249823,16
25,60683,false,25,0.017692852087756547,18
25,55,false,14,0.009907997169143666,57
25,60454,false,98,0.06935598018400566,17
25,189,false,88,0.06227883934890304,23
25,32,false,23,0.01627742392073602,70
25,60597,false,122,0.08634111818825195,13
25,41,false,13,0.009200283085633405,36
25,79,false,21,0.014861995753715499,50
25,60435,false,5,0.003538570417551309,23
25,26,false,20,0.014154281670205236,53
25,64,false,14,0.009907997169143666,26
25,31,false,2,0.0014154281670205238,65
25,57,false,3,0.0021231422505307855,77
25,60474,false,32,0.02264685067232838,19
25,60423,false,7,0.004953998584571833,38
25,36,false,8,0.005661712668082095,53
25,85,false,2,0.0014154281670205238,38
25,61322,false,121,0.08563340410474168,8
25,60981,false,21,0.014861995753715499,21
25,15,false,2,0.0014154281670205238,53
25,75,false,2,0.0014154281670205238,35
25,216,false,2,0.0014154281670205238,57
25,135,false,16,0.01132342533616419,21
25,51,false,6,0.004246284501061571,53
25,60367,false,21,0.014861995753715499,22
25,60552,false,16,0.01132342533616419,9
25,52,false,9,0.006369426751592357,53
25,123,false,2,0.0014154281670205238,32
25,60661,false,8,0.005661712668082095,19
25,60831,false,1,7.077140835102619E-4,13
25,280,false,3,0.0021231422505307855,28
25,60933,false,21,0.014861995753715499,11
25,94,false,4,0.0028308563340410475,48
25,60324,false,7,0.004953998584571833,35
25,145,false,3,0.0021231422505307855,28
25,60824,true,67,0.047416843595187545,8
25,60764,false,7,0.004953998584571833,10
25,24,false,4,0.0028308563340410475,50
25,175,false,4,0.0028308563340410475,29
25,357,false,13,0.009200283085633405,14
25,60310,false,6,0.004246284501061571,31
25,60430,false,10,0.007077140835102618,28
25,1002,false,4,0.0028308563340410475,8
25,60734,false,23,0.01627742392073602,14
25,61051,false,6,0.004246284501061571,8
25,213,false,7,0.004953998584571833,34
25,21,false,4,0.0028308563340410475,46
25,62252,false,6,0.004246284501061571,8
25,60801,false,17,0.012031139419674451,14
25,138,false,11,0.00778485491861288,20
25,60407,false,28,0.019815994338287332,15
25,264,false,7,0.004953998584571833,17
25,60642,false,1,7.077140835102619E-4,24
25,60760,false,3,0.0021231422505307855,40
25,455,false,4,0.0028308563340410475,17
25,60437,false,3,0.0021231422505307855,23
25,60592,false,4,0.0028308563340410475,15
25,60586,false,2,0.0014154281670205238,18
25,205,false,9,0.006369426751592357,22
25,60612,false,1,7.077140835102619E-4,12
25,60494,false,9,0.006369426751592357,19
25,60536,false,1,7.077140835102619E-4,29
25,192,false,4,0.0028308563340410475,8
25,185,false,3,0.0021231422505307855,28
25,60577,false,6,0.004246284501061571,13
25,60481,false,2,0.0014154281670205238,16
25,60724,false,16,0.01132342533616419,14
25,274,false,4,0.0028308563340410475,25
25,60432,false,1,7.077140835102619E-4,8
25,495,false,18,0.012738853503184714,15
25,60626,false,1,7.077140835102619E-4,14
25,60694,false,4,0.0028308563340410475,13
25,408,false,1,7.077140835102619E-4,9
25,60359,false,3,0.0021231422505307855,17
25,311,false,1,7.077140835102619E-4,8
25,193,false,1,7.077140835102619E-4,20
25,211,false,4,0.0028308563340410475,10
25,60550,false,1,7.077140835102619E-4,11
25,1145,false,4,0.0028308563340410475,8
25,60736,false,5,0.003538570417551309,10
25,61115,false,9,0.006369426751592357,9
25,60936,false,10,0.007077140835102618,10
25,30,false,1,7.077140835102619E-4,43
25,60304,false,1,7.077140835102619E-4,37
25,1164,false,8,0.005661712668082095,10
25,60984,false,1,7.077140835102619E-4,13
25,222,false,1,7.077140835102619E-4,9
25,60468,false,2,0.0014154281670205238,13
25,60506,false,1,7.077140835102619E-4,21
25,60579,false,6,0.004246284501061571,15
25,197,false,1,7.077140835102619E-4,11
25,236,false,1,7.077140835102619E-4,17
25,60465,false,1,7.077140835102619E-4,12
25,323,false,2,0.0014154281670205238,8
25,604,false,1,7.077140835102619E-4,14
25,60855,false,3,0.0021231422505307855,8
25,60515,false,1,7.077140835102619E-4,27
25,61212,false,2,0.0014154281670205238,11
25,60985,false,1,7.077140835102619E-4,8
25,60647,false,2,0.0014154281670205238,16
25,152,false,1,7.077140835102619E-4,16
25,462,false,1,7.077140835102619E-4,14
25,946,false,1,7.077140835102619E-4,8
25,60321,false,1,7.077140835102619E-4,9
25,328,false,1,7.077140835102619E-4,13
25,61413,false,0,0.0,9
25,160,true,0,0.0,33
25,1244,false,0,0.0,8
25,169,false,0,0.0,27
25,61503,false,0,0.0,9
25,60957,false,0,0.0,8
25,76,false,0,0.0,10
25,17,false,0,0.0,17
25,60450,false,0,0.0,9
25,107,false,0,0.0,47
25,87,false,0,0.0,21
25,11,false,0,0.0,17
25,60749,false,0,0.0,17
25,62394,false,0,0.0,9
25,60378,false,0,0.0,38
25,1,false,0,0.0,65
25,111,false,0,0.0,28
25,46,false,0,0.0,67
25,60565,false,0,0.0,8
25,200,false,0,0.0,37
25,219,false,0,0.0,13
25,74,false,0,0.0,20
25,115,false,0,0.0,63
25,60470,false,0,0.0,28
25,256,false,0,0.0,23
25,1058,false,0,0.0,11
25,60665,false,0,0.0,20
25,196,false,0,0.0,39
25,198,false,0,0.0,36
25,83,false,0,0.0,51
25,156,false,0,0.0,45
25,1557,false,0,0.0,8
25,293,false,0,0.0,8
25,60447,false,0,0.0,25
25,245,false,0,0.0,13
25,60419,false,0,0.0,24
25,60345,false,0,0.0,33
25,60591,false,0,0.0,36
25,186,false,0,0.0,16
25,68,false,0,0.0,40
25,62259,false,0,0.0,8
25,60512,false,0,0.0,24
25,298,false,0,0.0,15
25,2197,false,0,0.0,11
25,2703,false,0,0.0,8
25,60930,false,0,0.0,15
25,287,false,0,0.0,11
25,60599,false,0,0.0,15
25,756,false,0,0.0,10
25,60708,false,0,0.0,29
25,60811,false,0,0.0,11
25,60853,false,0,0.0,12
25,60480,false,0,0.0,19
25,622,false,0,0.0,15
25,60365,false,0,0.0,28
25,60280,false,0,0.0,11
25,60444,false,0,0.0,10
25,60625,false,0,0.0,15
25,67,false,0,0.0,30
25,288,false,0,0.0,19
25,149,false,0,0.0,20
25,60479,false,0,0.0,8
25,60601,false,0,0.0,23
25,60409,false,0,0.0,20
25,60677,false,0,0.0,12
25,60771,false,0,0.0,10
25,204,false,0,0.0,26
25,61059,false,0,0.0,11
25,615,false,0,0.0,9
25,674,false,0,0.0,8
25,60609,false,0,0.0,8
25,573,false,0,0.0,11
25,60539,false,0,0.0,8
25,643,false,0,0.0,11
25,246,false,0,0.0,21
25,300,false,0,0.0,11
25,61197,false,0,0.0,12
25,60338,false,0,0.0,35
25,232,false,0,0.0,22
25,1695,false,0,0.0,8
25,60352,false,0,0.0,36
25,269,false,0,0.0,9
25,60715,false,0,0.0,9
25,268,false,0,0.0,16
25,60717,false,0,0.0,12
25,307,false,0,0.0,15
25,1485,false,0,0.0,10
25,60713,false,0,0.0,16
25,165,false,0,0.0,13
25,215,false,0,0.0,14
25,2192,false,0,0.0,9
25,60733,false,0,0.0,15
25,60426,false,0,0.0,8
25,60827,false,0,0.0,9
25,114,false,0,0.0,16
25,60790,false,0,0.0,8
25,60358,false,0,0.0,11
25,296,false,0,0.0,19
25,147,false,0,0.0,9
25,118,false,0,0.0,12
25,757,false,0,0.0,8
25,60482,false,0,0.0,13
25,60644,false,0,0.0,8
25,284,false,0,0.0,10
25,230,false,0,0.0,11
25,60284,false,0,0.0,23
25,60225,false,0,0.0,9
25,62492,false,0,0.0,9
25,61722,false,0,0.0,11
25,61191,false,0,0.0,9
25,18,false,0,0.0,20
25,170,false,0,0.0,11
25,60425,false,0,0.0,14
25,60670,false,0,0.0,16
25,60906,false,0,0.0,12
25,60434,false,0,0.0,14
25,60542,false,0,0.0,8
25,299,false,0,0.0,8
25,110,false,0,0.0,12
25,60773,false,0,0.0,10
25,60970,false,0,0.0,10
25,60657,false,0,0.0,14
25,814,false,0,0.0,9
25,1825,false,0,0.0,8
25,580,false,0,0.0,8
25,834,false,0,0.0,8
25,60342,false,0,0.0,15
25,911,false,0,0.0,9
25,60688,false,0,0.0,8
25,61822,false,0,0.0,9
25,850,false,0,0.0,9
25,60583,false,0,0.0,8
25,536,false,0,0.0,8
60447,107,true,1,1.0,18
60447,60328,false,0,0.0,13
60447,83,true,0,0.0,8
60447,60218,false,0,0.0,13
60447,1,true,0,0.0,8
60447,60240,false,0,0.0,11
60447,55,false,0,0.0,8
60447,44,false,0,0.0,11
60447,57,false,0,0.0,8
60447,25,false,0,0.0,13
60447,8,false,0,0.0,12
31,123,true,125,1.0,44
31,533,true,59,0.472,10
31,60439,false,111,0.888,23
31,149,true,4,0.032,35
31,5,false,111,0.888,35
31,230,true,12,0.096,32
31,10,false,28,0.224,45
31,85,true,9,0.072,27
31,90,false,4,0.032,15
31,60218,false,6,0.048,44
31,60252,false,6,0.048,21
31,25,false,3,0.024,50
31,60232,false,1,0.008,36
31,145,false,10,0.08,19
31,60207,false,6,0.048,32
31,32,false,5,0.04,23
31,52,false,8,0.064,16
31,60420,false,10,0.08,8
31,60240,false,6,0.048,22
31,75,false,2,0.016,16
31,16,false,1,0.008,24
31,60474,false,4,0.032,12
31,69,false,1,0.008,21
31,60536,false,8,0.064,13
31,47,false,1,0.008,26
31,152,false,2,0.016,8
31,135,false,3,0.024,11
31,189,false,20,0.16,12
31,8,false,1,0.008,43
31,44,false,1,0.008,35
31,94,false,2,0.016,16
31,74,false,1,0.008,9
31,60425,false,2,0.016,10
31,79,false,2,0.016,13
31,68403,false,1,0.008,8
31,60592,false,1,0.008,9
31,216,false,2,0.016,12
31,21,false,4,0.032,13
31,60454,false,2,0.016,8
31,107,false,1,0.008,16
31,185,false,2,0.016,9
31,67,false,1,0.008,10
31,55,false,1,0.008,11
31,46,false,10,0.08,9
31,26,false,1,0.008,14
31,36,false,3,0.024,8
31,15,true,0,0.0,178
31,72257,false,0,0.0,8
31,7838,false,0,0.0,9
31,215,true,0,0.0,32
31,1248,false,0,0.0,10
31,111,false,0,0.0,14
31,51,false,0,0.0,24
31,281,false,0,0.0,9
31,60328,false,0,0.0,21
31,37,false,0,0.0,20
31,1,false,0,0.0,26
31,41,false,0,0.0,18
31,60365,false,0,0.0,18
31,60225,false,0,0.0,10
31,307,false,0,0.0,14
31,260,false,0,0.0,8
31,60430,false,0,0.0,13
31,186,false,0,0.0,11
31,287,false,0,0.0,13
31,60305,false,0,0.0,10
31,156,true,0,0.0,15
31,60280,false,0,0.0,13
31,60591,false,0,0.0,13
31,60367,false,0,0.0,10
31,57,false,0,0.0,20
31,60378,false,0,0.0,13
31,115,false,0,0.0,17
31,196,false,0,0.0,10
31,60264,false,0,0.0,16
31,405,false,0,0.0,8
31,87,false,0,0.0,9
31,175,false,0,0.0,11
31,288,false,0,0.0,16
31,60423,false,0,0.0,8
31,60760,false,0,0.0,15
31,204,false,0,0.0,11
31,97,false,0,0.0,15
31,200,false,0,0.0,13
31,193,false,0,0.0,11
31,60352,false,0,0.0,14
31,60601,false,0,0.0,9
31,213,false,0,0.0,13
31,198,false,0,0.0,12
31,323,false,0,0.0,9
31,60304,false,0,0.0,8
31,245,false,0,0.0,8
31,60790,false,0,0.0,9
31,60694,false,0,0.0,8
31,256,false,0,0.0,9
31,60345,false,0,0.0,10
31,60324,false,0,0.0,8
31,24,false,0,0.0,12
31,60338,false,0,0.0,9
31,83,false,0,0.0,11
37,41,true,23,1.0,8
37,10,false,17,0.7391304347826086,9
37,60252,false,1,0.043478260869565216,12
37,60218,false,7,0.30434782608695654,8
37,8,false,2,0.08695652173913043,12
37,60232,false,2,0.08695652173913043,9
37,44,false,1,0.043478260869565216,8
37,51,false,1,0.043478260869565216,10
37,5,false,2,0.08695652173913043,8
37,16,false,1,0.043478260869565216,8
37,46,false,2,0.08695652173913043,8
37,17,false,0,0.0,8
37,60328,true,0,0.0,12
37,11,false,0,0.0,8
41,37,true,71,0.6228070175438597,34
41,135,true,114,1.0,22
41,60328,true,9,0.07894736842105263,26
41,75,true,2,0.017543859649122806,27
41,10,false,21,0.18421052631578946,21
41,60435,true,6,0.05263157894736842,12
41,60423,true,11,0.09649122807017543,15
41,60207,false,10,0.08771929824561403,19
41,60252,false,7,0.06140350877192982,14
41,25,false,9,0.07894736842105263,20
41,5,false,4,0.03508771929824561,29
41,47,false,7,0.06140350877192982,13
41,60218,false,8,0.07017543859649122,18
41,51,false,3,0.02631578947368421,12
41,69,false,5,0.043859649122807015,8
41,8,false,5,0.043859649122807015,16
41,16,false,5,0.043859649122807015,10
41,60240,false,7,0.06140350877192982,14
41,264,false,8,0.07017543859649122,8
41,57,false,3,0.02631578947368421,13
41,44,false,5,0.043859649122807015,13
41,60474,false,6,0.05263157894736842,9
41,107,false,1,0.008771929824561403,8
41,60264,false,2,0.017543859649122806,10
41,26,false,2,0.017543859649122806,8
41,55,false,3,0.02631578947368421,9
41,60232,false,0,0.0,24
41,15,false,0,0.0,14
41,87,true,0,0.0,10
41,31,false,0,0.0,18
41,85,false,0,0.0,9
41,115,false,0,0.0,9
61485,232,true,9,1.0,18
47,25,false,39,0.16049382716049382,27
47,57,false,7,0.02880658436213992,28
47,15,false,11,0.04526748971193416,17
47,60218,false,21,0.08641975308641975,26
47,41,false,10,0.0411522633744856,19
47,213,true,10,0.0411522633744856,15
47,135,false,20,0.0823045267489712,16
47,5,false,12,0.04938271604938271,29
47,189,true,243,1.0,12
47,60423,false,2,0.00823045267489712,19
47,10,false,8,0.03292181069958848,20
47,60207,false,8,0.03292181069958848,22
47,37,false,4,0.01646090534979424,20
47,60328,false,1,0.00411522633744856,30
47,60474,false,18,0.07407407407407407,9
47,8,false,10,0.0411522633744856,28
47,60264,false,16,0.06584362139917696,12
47,44,false,7,0.02880658436213992,25
47,16,false,7,0.02880658436213992,12
47,31,false,11,0.04526748971193416,12
47,55,false,7,0.02880658436213992,13
47,51,false,3,0.012345679012345678,15
47,60435,false,2,0.00823045267489712,11
47,60240,false,2,0.00823045267489712,23
47,97,false,16,0.06584362139917696,12
47,60592,false,3,0.012345679012345678,8
47,60252,false,2,0.00823045267489712,11
47,69,false,7,0.02880658436213992,17
47,60430,false,4,0.01646090534979424,9
47,60454,false,4,0.01646090534979424,9
47,32,false,2,0.00823045267489712,11
47,60437,false,1,0.00411522633744856,8
47,107,false,2,0.00823045267489712,9
47,52,false,1,0.00411522633744856,8
47,60232,false,0,0.0,23
47,64,false,0,0.0,10
47,211,false,0,0.0,9
47,193,true,0,0.0,10
47,60365,false,0,0.0,9
47,75,false,0,0.0,11
47,60304,false,0,0.0,11
47,169,false,0,0.0,8
47,215,false,0,0.0,8
47,60367,false,0,0.0,8
47,1,false,0,0.0,15
47,26,false,0,0.0,9
47,60352,false,0,0.0,8
47,115,false,0,0.0,12
47,79,false,0,0.0,13
47,264,false,0,0.0,8
47,156,false,0,0.0,8
47,46,false,0,0.0,8
47,83,false,0,0.0,8
51,10,true,19,1.0,38
51,60232,true,9,0.47368421052631576,26
51,60252,false,10,0.5263157894736842,17
51,5,false,18,0.9473684210526315,32
51,37,false,7,0.3684210526315789,27
51,41,false,6,0.3157894736842105,13
51,47,false,3,0.15789473684210525,30
51,60218,false,5,0.2631578947368421,26
51,60439,false,18,0.9473684210526315,8
51,60423,false,2,0.10526315789473684,19
51,60586,false,2,0.10526315789473684,22
51,16,false,1,0.05263157894736842,17
51,15,false,5,0.2631578947368421,16
51,32,false,6,0.3157894736842105,20
51,60240,false,10,0.5263157894736842,12
51,31,false,7,0.3684210526315789,23
51,85,false,2,0.10526315789473684,10
51,60207,true,9,0.47368421052631576,13
51,8,false,1,0.05263157894736842,24
51,60264,false,3,0.15789473684210525,10
51,67,false,2,0.10526315789473684,16
51,55,false,3,0.15789473684210525,17
51,264,false,1,0.05263157894736842,10
51,79,false,6,0.3157894736842105,12
51,189,false,2,0.10526315789473684,15
51,60592,false,2,0.10526315789473684,8
51,60591,false,1,0.05263157894736842,9
51,44,false,1,0.05263157894736842,24
51,149,false,2,0.10526315789473684,9
51,25,false,6,0.3157894736842105,13
51,60365,false,2,0.10526315789473684,11
51,57,false,1,0.05263157894736842,17
51,69,false,1,0.05263157894736842,9
51,97,false,3,0.15789473684210525,10
51,60378,false,1,0.05263157894736842,15
51,36,false,6,0.3157894736842105,14
51,60642,false,2,0.10526315789473684,8
51,52,false,4,0.21052631578947367,14
51,64,false,4,0.21052631578947367,9
51,138,false,2,0.10526315789473684,8
51,357,false,1,0.05263157894736842,10
51,21,false,2,0.10526315789473684,12
51,60481,false,2,0.10526315789473684,11
51,26,false,1,0.05263157894736842,13
51,94,true,1,0.05263157894736842,9
51,60328,false,0,0.0,33
51,60470,false,0,0.0,14
51,107,false,0,0.0,15
51,266,false,0,0.0,8
51,1,false,0,0.0,27
51,196,false,0,0.0,13
51,60465,false,0,0.0,9
51,60280,false,0,0.0,13
51,87,false,0,0.0,14
51,123,false,0,0.0,15
51,230,false,0,0.0,13
51,46,false,0,0.0,28
51,200,false,0,0.0,14
51,215,false,0,0.0,13
51,60760,false,0,0.0,12
51,198,false,0,0.0,14
51,111,false,0,0.0,9
51,60468,false,0,0.0,8
51,60284,false,0,0.0,8
51,60345,false,0,0.0,19
51,186,false,0,0.0,8
51,60536,false,0,0.0,14
51,60352,false,0,0.0,21
51,246,false,0,0.0,9
51,185,false,0,0.0,15
51,75,false,0,0.0,18
51,175,false,0,0.0,9
51,60304,false,0,0.0,9
51,216,false,0,0.0,15
51,60515,false,0,0.0,13
51,118,false,0,0.0,8
51,204,false,0,0.0,11
51,115,false,0,0.0,14
51,60708,false,0,0.0,9
51,24,false,0,0.0,18
51,205,false,0,0.0,14
51,83,false,0,0.0,11
51,60626,false,0,0.0,8
51,60338,false,0,0.0,9
51,269,false,0,0.0,8
51,60927,false,0,0.0,8
51,110,false,0,0.0,10
51,18,false,0,0.0,10
51,60773,false,0,0.0,8
51,30,false,0,0.0,15
51,156,false,0,0.0,8
51,68,false,0,0.0,11
60981,30,false,40,0.12048192771084337,44
60981,52,false,14,0.04216867469879518,45
60981,60579,false,332,1.0,13
60981,36,false,31,0.09337349397590361,16
60981,44,false,14,0.04216867469879518,29
60981,24,false,2,0.006024096385542169,38
60981,32,false,3,0.009036144578313253,32
60981,25,false,28,0.08433734939759036,20
60981,8,false,14,0.04216867469879518,22
60981,60240,false,9,0.02710843373493976,23
60981,60708,false,19,0.0572289156626506,11
60981,5,false,12,0.03614457831325301,22
60981,60207,false,10,0.030120481927710843,17
60981,46,false,2,0.006024096385542169,26
60981,83,true,1,0.0030120481927710845,19
60981,4246,false,1,0.0030120481927710845,20
60981,60494,false,3,0.009036144578313253,10
60981,60264,false,28,0.08433734939759036,8
60981,31,false,2,0.006024096385542169,9
60981,51,false,2,0.006024096385542169,9
60981,94,false,1,0.0030120481927710845,12
60981,79,true,0,0.0,104
60981,60378,true,0,0.0,24
60981,60536,false,0,0.0,19
60981,197,false,0,0.0,12
60981,298,false,0,0.0,13
60981,60586,false,0,0.0,17
60981,115,false,0,0.0,14
60981,74,false,0,0.0,15
60981,60426,false,0,0.0,8
60981,60324,false,0,0.0,18
60981,55,false,0,0.0,16
60981,21,false,0,0.0,15
60981,26,false,0,0.0,23
60981,62972,false,0,0.0,10
60981,60338,false,0,0.0,12
60981,7954,false,0,0.0,10
60981,60218,false,0,0.0,11
60981,67,false,0,0.0,11
60981,1,true,0,0.0,17
60981,60760,false,0,0.0,9
60981,47,false,0,0.0,9
60981,60642,false,0,0.0,9
60981,204,false,0,0.0,9
60981,60591,true,0,0.0,13
60981,107,true,0,0.0,8
60981,60328,false,0,0.0,9
60981,213,false,0,0.0,12
60981,60407,false,0,0.0,9
60981,6152,false,0,0.0,9
60981,216,false,0,0.0,8
60981,60515,false,0,0.0,8
60981,57,false,0,0.0,12
60981,232,false,0,0.0,11
60981,205,false,0,0.0,8
60981,68,false,0,0.0,10
60470,219,true,4,0.8,53
60470,1,true,1,0.2,28
60470,37,false,1,0.2,13
60470,60218,false,1,0.2,17
60470,75,false,1,0.2,10
60470,57,false,5,1.0,11
60470,60494,false,2,0.4,8
60470,274,false,1,0.2,8
60470,60819,true,0,0.0,9
60470,60378,true,0,0.0,18
60470,107,true,0,0.0,18
60470,60252,false,0,0.0,11
60470,60328,false,0,0.0,18
60470,60359,false,0,0.0,9
60470,44,false,0,0.0,26
60470,64,false,0,0.0,9
60470,196,false,0,0.0,15
60470,16,false,0,0.0,8
60470,60592,false,0,0.0,10
60470,15,false,0,0.0,11
60470,8,false,0,0.0,25
60470,31,false,0,0.0,16
60470,79,true,0,0.0,15
60470,60304,false,0,0.0,11
60470,264,true,0,0.0,8
60470,41,false,0,0.0,8
60470,60232,false,0,0.0,9
60470,25,false,0,0.0,18
60470,115,false,0,0.0,19
60470,60536,false,0,0.0,8
60470,60240,false,0,0.0,18
60470,200,false,0,0.0,11
60470,36,false,0,0.0,14
60470,46,false,0,0.0,15
60470,83,true,0,0.0,13
60470,60760,false,0,0.0,9
60470,5,false,0,0.0,12
60470,51,false,0,0.0,14
60470,60345,false,0,0.0,10
60470,67,false,0,0.0,9
60470,10,false,0,0.0,12
60470,185,false,0,0.0,10
60470,198,false,0,0.0,10
60470,32,false,0,0.0,15
60470,24,false,0,0.0,13
60470,55,false,0,0.0,13
60470,94,false,0,0.0,9
60470,60352,false,0,0.0,9
60470,60338,false,0,0.0,11
60470,60324,false,0,0.0,8
60470,30,false,0,0.0,12
60470,21,false,0,0.0,9
60470,52,false,0,0.0,9
60470,60207,false,0,0.0,8
60470,97,false,0,0.0,10
60470,60264,false,0,0.0,10
60470,26,false,0,0.0,9
60474,60218,true,6,0.036585365853658534,139
60474,10,true,164,1.0,16
60474,60207,true,31,0.18902439024390244,16
60474,5,false,42,0.25609756097560976,17
60474,60232,true,15,0.09146341463414634,13
60474,47,false,22,0.13414634146341464,15
60474,57,false,6,0.036585365853658534,13
60474,25,false,20,0.12195121951219512,16
60474,94,false,10,0.06097560975609756,9
60474,31,false,3,0.018292682926829267,12
60474,32,false,5,0.03048780487804878,9
60474,51,false,3,0.018292682926829267,8
60474,60328,false,3,0.018292682926829267,9
60474,60423,false,0,0.0,9
60474,21,false,0,0.0,8
64,5,true,389,1.0,121
64,90,false,42,0.10796915167095116,12
64,10,false,100,0.2570694087403599,34
64,25,false,20,0.05141388174807198,24
64,31,false,15,0.038560411311053984,16
64,8,false,4,0.010282776349614395,39
64,32,false,14,0.03598971722365039,17
64,60232,false,2,0.005141388174807198,16
64,60365,false,14,0.03598971722365039,9
64,60207,false,4,0.010282776349614395,21
64,85,false,3,0.007712082262210797,12
64,60240,false,11,0.028277634961439587,19
64,79,false,12,0.030848329048843187,13
64,60218,false,6,0.015424164524421594,19
64,15,false,15,0.038560411311053984,9
64,60252,false,12,0.030848329048843187,9
64,44,false,3,0.007712082262210797,24
64,69,false,3,0.007712082262210797,13
64,60367,false,2,0.005141388174807198,11
64,16,false,3,0.007712082262210797,10
64,60264,false,2,0.005141388174807198,15
64,169,false,1,0.002570694087403599,8
64,47,false,2,0.005141388174807198,13
64,51,false,3,0.007712082262210797,17
64,97,false,2,0.005141388174807198,11
64,21,false,1,0.002570694087403599,11
64,52,false,1,0.002570694087403599,10
64,288,true,0,0.0,13
64,41,false,0,0.0,12
64,60559,false,0,0.0,8
64,37,false,0,0.0,10
64,60665,false,0,0.0,9
64,60328,false,0,0.0,13
64,60760,false,0,0.0,12
64,60661,false,0,0.0,8
64,60378,false,0,0.0,9
64,60423,false,0,0.0,8
64,60324,false,0,0.0,8
64,46,false,0,0.0,9
64,57,false,0,0.0,12
64,83,false,0,0.0,9
64,307,false,0,0.0,8
64,26,false,0,0.0,10
64,115,false,0,0.0,11
64,156,false,0,0.0,8
79,60764,false,539,0.9590747330960854,18
79,60417,false,560,0.99644128113879,12
79,60612,false,197,0.3505338078291815,11
79,60579,false,334,0.594306049822064,15
79,60420,false,562,1.0,13
79,60550,false,24,0.042704626334519574,11
79,60264,false,29,0.051601423487544484,28
79,83,true,2,0.0035587188612099642,47
79,30,false,45,0.0800711743772242,34
79,44,false,14,0.02491103202846975,46
79,60252,false,9,0.01601423487544484,29
79,60240,false,9,0.01601423487544484,40
79,25,false,28,0.0498220640569395,40
79,36,false,31,0.05516014234875445,24
79,60207,false,10,0.017793594306049824,30
79,8,false,14,0.02491103202846975,46
79,52,false,14,0.02491103202846975,33
79,97,false,29,0.051601423487544484,22
79,5,false,13,0.023131672597864767,27
79,60232,false,5,0.008896797153024912,18
79,69,false,14,0.02491103202846975,18
79,60597,false,10,0.017793594306049824,9
79,16,false,14,0.02491103202846975,10
79,51,false,2,0.0035587188612099642,26
79,31,false,1,0.0017793594306049821,26
79,10,false,15,0.026690391459074734,18
79,32,false,3,0.005338078291814947,35
79,60378,true,1,0.0017793594306049821,28
79,60494,false,3,0.005338078291814947,16
79,37,false,1,0.0017793594306049821,20
79,24,false,2,0.0035587188612099642,31
79,46,false,2,0.0035587188612099642,33
79,1695,false,4,0.0071174377224199285,8
79,94,false,2,0.0035587188612099642,24
79,1100,false,9,0.01601423487544484,8
79,185,false,1,0.0017793594306049821,23
79,60345,false,1,0.0017793594306049821,15
79,60352,false,1,0.0017793594306049821,13
79,274,false,2,0.0035587188612099642,9
79,138,false,2,0.0035587188612099642,8
79,60981,true,0,0.0,33
79,68222,false,0,0.0,9
79,76,false,0,0.0,13
79,63191,false,0,0.0,11
79,108392,false,0,0.0,9
79,70798,false,0,0.0,9
79,264,true,0,0.0,18
79,64393,false,0,0.0,10
79,11,false,0,0.0,12
79,193,false,0,0.0,13
79,17,false,0,0.0,10
79,60760,false,0,0.0,33
79,107,true,0,0.0,32
79,60328,false,0,0.0,33
79,215,false,0,0.0,11
79,230,false,0,0.0,9
79,60218,false,0,0.0,30
79,408,false,0,0.0,10
79,1,true,0,0.0,36
79,55,false,0,0.0,42
79,1557,false,0,0.0,8
79,60423,false,0,0.0,18
79,60665,false,0,0.0,16
79,200,false,0,0.0,32
79,61267,false,0,0.0,9
79,60304,false,0,0.0,23
79,196,false,0,0.0,23
79,115,false,0,0.0,43
79,60419,false,0,0.0,16
79,60591,true,0,0.0,17
79,246,false,0,0.0,22
79,198,false,0,0.0,30
79,60536,false,0,0.0,18
79,307,false,0,0.0,16
79,60338,false,0,0.0,21
79,60359,false,0,0.0,17
79,60480,false,0,0.0,11
79,123,false,0,0.0,10
79,298,false,0,0.0,10
79,41,false,0,0.0,12
79,47,false,0,0.0,19
79,60365,false,0,0.0,20
79,60470,true,0,0.0,12
79,68,false,0,0.0,23
79,1799,false,0,0.0,8
79,156,false,0,0.0,29
79,60708,false,0,0.0,12
79,60661,false,0,0.0,14
79,204,false,0,0.0,19
79,21,false,0,0.0,27
79,26,false,0,0.0,31
79,60324,false,0,0.0,20
79,216,false,0,0.0,19
79,288,false,0,0.0,13
79,60688,false,0,0.0,8
79,60425,false,0,0.0,11
79,75,false,0,0.0,11
79,60795,false,0,0.0,8
79,114,false,0,0.0,15
79,2197,false,0,0.0,8
79,834,false,0,0.0,8
79,60481,false,0,0.0,9
79,1164,false,0,0.0,9
79,60586,false,0,0.0,9
79,2192,false,0,0.0,8
79,205,false,0,0.0,12
79,60713,false,0,0.0,8
79,67,false,0,0.0,16
79,299,false,0,0.0,8
79,197,false,0,0.0,9
79,110,false,0,0.0,11
79,57,false,0,0.0,16
79,189,false,0,0.0,10
79,280,false,0,0.0,8
79,213,false,0,0.0,8
85,60439,false,12,1.0,16
85,15,true,10,0.8333333333333334,19
85,10,false,6,0.5,20
85,5,false,12,1.0,25
85,60232,false,1,0.08333333333333333,22
85,31,true,8,0.6666666666666666,16
85,16,false,1,0.08333333333333333,15
85,60207,false,2,0.16666666666666666,24
85,60218,false,4,0.3333333333333333,15
85,175,false,1,0.08333333333333333,9
85,60592,false,1,0.08333333333333333,8
85,69,false,1,0.08333333333333333,8
85,44,false,1,0.08333333333333333,9
85,123,true,0,0.0,54
85,149,true,0,0.0,43
85,518,false,0,0.0,12
85,287,true,0,0.0,10
85,37,false,0,0.0,12
85,111,false,0,0.0,10
85,51,false,0,0.0,14
85,47,false,0,0.0,17
85,107,false,0,0.0,11
85,25,false,0,0.0,14
85,8,false,0,0.0,15
85,60328,false,0,0.0,12
85,60536,false,0,0.0,9
85,1,false,0,0.0,8
85,60423,false,0,0.0,9
85,213,false,0,0.0,9
85,57,false,0,0.0,11
85,32,false,0,0.0,10
85,94,false,0,0.0,9
85,216,false,0,0.0,8
85,60240,false,0,0.0,11
94,60450,true,29,1.0,28
94,10,true,24,0.8275862068965517,38
94,60207,true,17,0.5862068965517241,40
94,60232,true,7,0.2413793103448276,30
94,60252,false,10,0.3448275862068966,20
94,60240,false,10,0.3448275862068966,31
94,60454,false,4,0.13793103448275862,17
94,60218,false,4,0.13793103448275862,39
94,60264,false,4,0.13793103448275862,20
94,280,false,3,0.10344827586206896,12
94,296,false,3,0.10344827586206896,14
94,52,false,4,0.13793103448275862,21
94,44,false,1,0.034482758620689655,33
94,32,false,4,0.13793103448275862,27
94,25,false,1,0.034482758620689655,39
94,62197,false,5,0.1724137931034483,11
94,60734,false,3,0.10344827586206896,10
94,5,false,1,0.034482758620689655,39
94,36,false,5,0.1724137931034483,16
94,41,false,6,0.20689655172413793,8
94,79,false,2,0.06896551724137931,20
94,60764,false,1,0.034482758620689655,11
94,8,false,1,0.034482758620689655,34
94,97,false,4,0.13793103448275862,13
94,274,false,1,0.034482758620689655,13
94,60981,false,1,0.034482758620689655,12
94,60367,false,1,0.034482758620689655,14
94,60494,false,2,0.06896551724137931,11
94,69,false,1,0.034482758620689655,12
94,21,false,1,0.034482758620689655,16
94,16,false,1,0.034482758620689655,10
94,205,false,3,0.10344827586206896,21
94,267,false,1,0.034482758620689655,13
94,60697,false,3,0.10344827586206896,13
94,65037,false,0,0.0,8
94,107,false,0,0.0,19
94,61826,false,0,0.0,8
94,60328,false,0,0.0,30
94,60447,false,0,0.0,14
94,60423,false,0,0.0,17
94,60481,false,0,0.0,10
94,60642,false,0,0.0,15
94,64,false,0,0.0,20
94,37,false,0,0.0,20
94,47,false,0,0.0,25
94,15,false,0,0.0,18
94,60378,false,0,0.0,19
94,1,false,0,0.0,25
94,60591,false,0,0.0,18
94,57,false,0,0.0,30
94,189,false,0,0.0,11
94,216,false,0,0.0,20
94,60827,false,0,0.0,8
94,75,false,0,0.0,16
94,55,false,0,0.0,19
94,60345,false,0,0.0,18
94,60324,false,0,0.0,14
94,51,true,0,0.0,27
94,115,false,0,0.0,21
94,87,false,0,0.0,13
94,152,false,0,0.0,13
94,111,false,0,0.0,12
94,60512,false,0,0.0,11
94,31,false,0,0.0,22
94,60359,false,0,0.0,8
94,60352,false,0,0.0,18
94,60586,false,0,0.0,9
94,60426,false,0,0.0,8
94,60365,false,0,0.0,16
94,60321,false,0,0.0,8
94,60601,false,0,0.0,10
94,46,false,0,0.0,24
94,60713,false,0,0.0,11
94,60430,false,0,0.0,11
94,60659,false,0,0.0,8
94,60310,false,0,0.0,14
94,232,false,0,0.0,12
94,60984,false,0,0.0,8
94,175,false,0,0.0,9
94,186,false,0,0.0,9
94,83,false,0,0.0,17
94,26,false,0,0.0,23
94,24,false,0,0.0,18
94,60760,false,0,0.0,12
94,60338,false,0,0.0,14
94,197,false,0,0.0,9
94,60592,false,0,0.0,8
94,193,false,0,0.0,12
94,60536,false,0,0.0,16
94,495,false,0,0.0,9
94,60468,false,0,0.0,10
94,604,false,0,0.0,11
94,60724,false,0,0.0,9
94,60559,false,0,0.0,8
94,60647,false,0,0.0,8
94,60480,false,0,0.0,11
94,138,false,0,0.0,8
94,196,false,0,0.0,11
94,268,false,0,0.0,8
94,110,false,0,0.0,14
94,67,false,0,0.0,15
94,622,false,0,0.0,8
94,60708,false,0,0.0,10
94,60407,false,0,0.0,9
94,269,false,0,0.0,8
94,69989,false,0,0.0,8
94,60284,false,0,0.0,10
94,357,false,0,0.0,8
94,185,false,0,0.0,8
94,18,false,0,0.0,11
94,165,false,0,0.0,9
94,68540,false,0,0.0,8
94,60506,false,0,0.0,8
94,60470,false,0,0.0,8
94,60342,false,0,0.0,9
94,213,false,0,0.0,12
94,61587,false,0,0.0,10
94,61654,false,0,0.0,10
94,60304,false,0,0.0,10
94,156,false,0,0.0,10
94,30,false,0,0.0,16
94,62886,false,0,0.0,11
94,60515,false,0,0.0,8
94,68,false,0,0.0,12
94,60932,false,0,0.0,8
94,63191,false,0,0.0,8
60512,60792,true,27,1.0,15
60512,10,false,10,0.37037037037037035,15
60512,60240,false,2,0.07407407407407407,12
60512,60252,false,2,0.07407407407407407,8
60512,5,false,1,0.037037037037037035,24
60512,61808,false,3,0.1111111111111111,9
60512,60218,false,2,0.07407407407407407,17
60512,52,false,4,0.14814814814814814,12
60512,60425,false,2,0.07407407407407407,9
60512,25,false,2,0.07407407407407407,12
60512,44,false,1,0.037037037037037035,10
60512,8,false,1,0.037037037037037035,12
60512,60444,true,0,0.0,37
60512,37,false,0,0.0,15
60512,75,false,0,0.0,10
60512,31,false,0,0.0,13
60512,145,true,0,0.0,8
60512,60284,false,0,0.0,17
60512,152,false,0,0.0,11
60512,60342,false,0,0.0,12
60512,307,false,0,0.0,9
60512,60365,true,0,0.0,8
60512,60232,false,0,0.0,9
60512,60454,false,0,0.0,8
60512,60338,false,0,0.0,9
60512,175,false,0,0.0,8
60512,15,false,0,0.0,10
60512,60367,false,0,0.0,8
60512,60207,false,0,0.0,13
60512,51,false,0,0.0,13
60512,60358,false,0,0.0,8
60512,57,false,0,0.0,16
60512,216,false,0,0.0,9
60512,280,false,0,0.0,8
60512,60328,false,0,0.0,11
60512,47,false,0,0.0,14
60512,111,true,0,0.0,8
60512,165,false,0,0.0,13
60512,46,false,0,0.0,9
60512,60482,false,0,0.0,8
60512,60324,false,0,0.0,9
60512,296,false,0,0.0,12
60512,97,false,0,0.0,11
60512,60352,false,0,0.0,8
60512,60760,false,0,0.0,9
60512,60423,false,0,0.0,8
60512,205,false,0,0.0,11
60512,232,false,0,0.0,9
60512,60434,false,0,0.0,10
60512,55,false,0,0.0,8
107,60218,false,5,1.0,18
107,8,false,3,0.6,22
107,44,false,3,0.6,19
107,60232,false,2,0.4,15
107,10,false,2,0.4,17
107,16,false,3,0.6,14
107,145,false,2,0.4,10
107,60240,false,1,0.2,14
107,69,false,3,0.6,10
107,60328,false,1,0.2,11
107,60252,false,1,0.2,11
107,47,false,3,0.6,10
107,60423,false,1,0.2,10
107,94,false,1,0.2,9
107,60378,true,0,0.0,21
107,1,true,0,0.0,30
107,60470,true,0,0.0,16
107,31,false,0,0.0,20
107,264,true,0,0.0,8
107,51,false,0,0.0,19
107,55,false,0,0.0,16
107,83,true,0,0.0,17
107,60207,false,0,0.0,14
107,60419,false,0,0.0,11
107,79,true,0,0.0,17
107,200,false,0,0.0,10
107,25,false,0,0.0,17
107,24,false,0,0.0,15
107,32,false,0,0.0,15
107,37,false,0,0.0,11
107,198,false,0,0.0,9
107,149,false,0,0.0,9
107,123,false,0,0.0,11
107,60352,false,0,0.0,8
107,185,false,0,0.0,8
107,288,false,0,0.0,10
107,60345,false,0,0.0,8
107,52,false,0,0.0,12
107,60338,false,0,0.0,9
107,30,false,0,0.0,11
107,68,false,0,0.0,8
107,57,false,0,0.0,11
107,175,false,0,0.0,8
107,115,false,0,0.0,11
107,26,false,0,0.0,9
107,46,false,0,0.0,9
107,21,false,0,0.0,9
107,156,false,0,0.0,8
107,5,false,0,0.0,8
60536,197,true,1,0.16666666666666666,55
60536,97,false,3,0.5,12
60536,25,false,6,1.0,18
60536,60218,false,1,0.16666666666666666,17
60536,31,false,1,0.16666666666666666,21
60536,10,false,3,0.5,18
60536,60474,false,1,0.16666666666666666,8
60536,60264,false,3,0.5,11
60536,274,false,1,0.16666666666666666,9
60536,230,false,0,0.0,18
60536,215,false,0,0.0,18
60536,60378,false,0,0.0,22
60536,60419,false,0,0.0,9
60536,83,false,0,0.0,26
60536,60481,false,0,0.0,19
60536,60423,false,0,0.0,14
60536,60328,false,0,0.0,23
60536,60365,true,0,0.0,20
60536,60626,false,0,0.0,9
60536,60232,false,0,0.0,8
60536,60284,false,0,0.0,10
60536,60252,false,0,0.0,11
60536,123,false,0,0.0,15
60536,60207,false,0,0.0,21
60536,60586,false,0,0.0,14
60536,156,false,0,0.0,13
60536,196,true,0,0.0,13
60536,44,false,0,0.0,20
60536,115,false,0,0.0,21
60536,8,false,0,0.0,18
60536,60591,false,0,0.0,9
60536,60240,false,0,0.0,21
60536,32,false,0,0.0,24
60536,60601,false,0,0.0,12
60536,204,false,0,0.0,10
60536,24,false,0,0.0,24
60536,5,false,0,0.0,20
60536,60345,false,0,0.0,12
60536,60324,false,0,0.0,9
60536,60760,false,0,0.0,11
60536,60494,false,0,0.0,9
60536,60748,false,0,0.0,9
60536,47,false,0,0.0,20
60536,15,false,0,0.0,8
60536,1,false,0,0.0,18
60536,55,false,0,0.0,23
60536,60304,false,0,0.0,10
60536,68,false,0,0.0,19
60536,51,false,0,0.0,17
60536,37,false,0,0.0,9
60536,57,false,0,0.0,12
60536,36,false,0,0.0,20
60536,94,false,0,0.0,11
60536,41,false,0,0.0,8
60536,280,false,0,0.0,9
60536,60352,false,0,0.0,11
60536,216,false,0,0.0,11
60536,200,false,0,0.0,13
60536,60430,false,0,0.0,8
60536,357,false,0,0.0,9
60536,60773,false,0,0.0,9
60536,60713,false,0,0.0,10
60536,26,false,0,0.0,21
60536,67,false,0,0.0,13
60536,138,false,0,0.0,8
60536,198,false,0,0.0,12
60536,60642,false,0,0.0,8
60536,110,false,0,0.0,11
60536,52,false,0,0.0,17
60536,60708,false,0,0.0,8
60536,60338,false,0,0.0,12
60536,46,false,0,0.0,15
60536,60515,false,0,0.0,8
60536,30,false,0,0.0,17
60536,21,false,0,0.0,11
60536,62197,false,0,0.0,8
60536,18,false,0,0.0,9
60536,64,false,0,0.0,10
123,5,false,61,0.953125,32
123,492,true,1,0.015625,10
123,149,true,64,1.0,9
123,31,true,64,1.0,8
123,90,true,1,0.015625,9
123,15,true,7,0.109375,16
123,60232,false,1,0.015625,19
123,10,false,1,0.015625,23
123,85,true,0,0.0,33
123,60252,false,0,0.0,12
123,51,false,0,0.0,11
123,57,false,0,0.0,14
123,8,false,0,0.0,17
123,16,false,0,0.0,10
123,44,false,0,0.0,10
123,115,false,0,0.0,9
135,41,true,92,0.1241565452091768,21
135,37,true,141,0.1902834008097166,10
135,5,false,741,1.0,18
135,60435,true,43,0.058029689608636977,8
135,75,true,6,0.008097165991902834,11
135,60328,true,13,0.017543859649122806,14
135,47,false,14,0.018893387314439947,16
135,10,false,19,0.02564102564102564,13
135,60207,false,13,0.017543859649122806,10
135,60218,false,2,0.002699055330634278,16
135,8,false,4,0.005398110661268556,12
135,32,false,6,0.008097165991902834,12
135,60232,false,2,0.002699055330634278,8
135,57,false,2,0.002699055330634278,12
135,44,false,3,0.004048582995951417,9
135,1,false,0,0.0,10
135,216,false,0,0.0,9
138,31,true,116,0.2878411910669975,44
138,15,true,116,0.2878411910669975,26
138,5,false,403,1.0,21
138,60264,false,158,0.3920595533498759,10
138,97,false,158,0.3920595533498759,8
138,230,true,8,0.019851116625310174,8
138,10,false,43,0.10669975186104218,15
138,60218,false,17,0.04218362282878412,21
138,32,false,24,0.05955334987593052,18
138,145,false,6,0.01488833746898263,9
138,60207,false,4,0.009925558312655087,22
138,60734,false,18,0.04466501240694789,9
138,60232,false,2,0.004962779156327543,12
138,60240,false,17,0.04218362282878412,23
138,36,false,15,0.03722084367245657,8
138,52,false,9,0.022332506203473945,14
138,60434,false,34,0.08436724565756824,8
138,21,false,5,0.01240694789081886,14
138,47,false,7,0.017369727047146403,10
138,51,false,2,0.004962779156327543,14
138,8,false,1,0.0024813895781637717,28
138,46,false,2,0.004962779156327543,14
138,64,false,4,0.009925558312655087,8
138,55,false,1,0.0024813895781637717,14
138,25,false,6,0.01488833746898263,14
138,213,false,1,0.0024813895781637717,8
138,60430,false,2,0.004962779156327543,11
138,24,false,4,0.009925558312655087,9
138,287,true,0,0.0,8
138,57,false,0,0.0,18
138,60470,false,0,0.0,8
138,16,false,0,0.0,14
138,60367,false,0,0.0,12
138,69,false,0,0.0,13
138,44,false,0,0.0,23
138,60352,false,0,0.0,12
138,60345,false,0,0.0,13
138,200,false,0,0.0,8
138,60342,false,0,0.0,9
138,83,false,0,0.0,8
138,60592,false,0,0.0,11
138,204,false,0,0.0,11
138,274,false,0,0.0,11
138,198,false,0,0.0,8
138,60328,false,0,0.0,10
138,60506,false,0,0.0,9
138,115,false,0,0.0,8
138,30,false,0,0.0,8
138,26,false,0,0.0,11
138,94,false,0,0.0,11
138,60599,false,0,0.0,8
138,60827,false,0,0.0,8
138,216,false,0,0.0,10
138,60515,false,0,0.0,10
145,2182,true,6,0.08,15
145,10,false,75,1.0,20
145,60365,true,14,0.18666666666666668,18
145,60252,false,10,0.13333333333333333,9
145,32,false,13,0.17333333333333334,15
145,5,false,12,0.16,17
145,16,false,3,0.04,16
145,60232,false,2,0.02666666666666667,14
145,8,false,3,0.04,17
145,15,false,2,0.02666666666666667,11
145,25,false,13,0.17333333333333334,8
145,196,true,1,0.013333333333333334,8
145,44,false,3,0.04,12
145,31,false,3,0.04,9
145,69,false,3,0.04,9
145,186,true,1,0.013333333333333334,8
145,7862,false,0,0.0,10
145,215,false,0,0.0,8
145,60280,false,0,0.0,9
145,52,false,0,0.0,9
145,26,false,0,0.0,9
145,642,false,0,0.0,9
145,60328,false,0,0.0,8
145,83,false,0,0.0,8
145,60218,false,0,0.0,14
145,47,false,0,0.0,9
145,41,false,0,0.0,9
145,60207,false,0,0.0,8
145,57,false,0,0.0,9
149,5,false,12,0.08,31
149,123,true,150,1.0,14
149,10,false,5,0.03333333333333333,21
149,60232,false,3,0.02,17
149,31,true,8,0.05333333333333334,11
149,60439,false,12,0.08,8
149,15,true,10,0.06666666666666667,9
149,44,false,1,0.006666666666666667,10
149,85,true,0,0.0,36
149,492,true,0,0.0,8
149,90,true,0,0.0,10
149,37,false,0,0.0,11
149,57,false,0,0.0,13
149,8,false,0,0.0,16
149,25,false,0,0.0,8
160,60439,false,1,0.5,8
160,69,true,1,0.5,9
160,16,true,2,1.0,8
160,5,false,1,0.5,10
160,8,true,1,0.5,8
160,60264,true,0,0.0,8
160,60324,false,0,0.0,8
62632,268,true,0,0.0,11
62125,60956,true,0,0.0,8
60591,107,true,2,0.3333333333333333,27
60591,52,false,6,1.0,27
60591,10,false,1,0.16666666666666666,17
60591,60207,false,3,0.5,25
60591,60378,true,0,0.0,121
60591,197,false,0,0.0,19
60591,1,true,0,0.0,36
60591,79,true,0,0.0,37
60591,44,false,0,0.0,42
60591,32,false,0,0.0,40
60591,60586,false,0,0.0,17
60591,60252,false,0,0.0,16
60591,24,false,0,0.0,29
60591,60981,true,0,0.0,26
60591,60470,true,0,0.0,14
60591,196,false,0,0.0,18
60591,60494,false,0,0.0,16
60591,60447,true,0,0.0,10
60591,8,false,0,0.0,36
60591,298,false,0,0.0,10
60591,30,false,0,0.0,28
60591,60601,false,0,0.0,16
60591,60240,false,0,0.0,30
60591,60218,false,0,0.0,23
60591,15,false,0,0.0,18
60591,267,false,0,0.0,10
60591,60338,false,0,0.0,22
60591,5,false,0,0.0,32
60591,60365,false,0,0.0,14
60591,36,false,0,0.0,20
60591,60536,false,0,0.0,17
60591,97,false,0,0.0,20
60591,60426,false,0,0.0,8
60591,74,false,0,0.0,8
60591,274,false,0,0.0,16
60591,46,false,0,0.0,26
60591,60430,false,0,0.0,16
60591,115,false,0,0.0,19
60591,25,false,0,0.0,32
60591,60352,false,0,0.0,10
60591,83,true,0,0.0,17
60591,60328,false,0,0.0,16
60591,204,false,0,0.0,15
60591,60481,false,0,0.0,9
60591,175,false,0,0.0,9
60591,60642,false,0,0.0,16
60591,60760,false,0,0.0,11
60591,60264,false,0,0.0,20
60591,60708,false,0,0.0,9
60591,200,false,0,0.0,13
60591,60324,false,0,0.0,12
60591,145,false,0,0.0,9
60591,198,false,0,0.0,13
60591,60423,false,0,0.0,8
60591,60345,false,0,0.0,8
60591,26,false,0,0.0,19
60591,156,false,0,0.0,11
60591,60916,false,0,0.0,8
60591,60659,false,0,0.0,8
60591,4246,false,0,0.0,10
60591,16,false,0,0.0,10
60591,622,false,0,0.0,8
60591,68,false,0,0.0,14
60591,69,false,0,0.0,11
60591,94,false,0,0.0,15
60591,60407,false,0,0.0,11
60591,60342,false,0,0.0,9
60591,55,false,0,0.0,13
60591,7954,false,0,0.0,8
60591,64497,false,0,0.0,9
60591,51,false,0,0.0,16
60591,268,false,0,0.0,8
60591,60468,false,0,0.0,9
60591,60512,false,0,0.0,10
60591,2986,false,0,0.0,9
60591,256,false,0,0.0,9
60591,60734,false,0,0.0,11
60591,216,false,0,0.0,12
60591,185,false,0,0.0,10
60591,60480,false,0,0.0,9
60591,138,false,0,0.0,10
60591,213,false,0,0.0,10
60591,60579,false,0,0.0,8
60591,62338,false,0,0.0,9
60591,60284,false,0,0.0,8
60591,21,false,0,0.0,9
60591,31,false,0,0.0,9
60591,205,false,0,0.0,9
60591,60310,false,0,0.0,8
60591,57,false,0,0.0,16
60591,60304,false,0,0.0,8
60591,60454,false,0,0.0,8
60591,232,false,0,0.0,8
193,319,false,5,1.0,9
193,68222,false,0,0.0,9
193,63191,false,0,0.0,10
193,10,false,0,0.0,11
193,60232,false,0,0.0,8
193,47,true,0,0.0,10
193,115,false,0,0.0,10
60612,79,true,23,1.0,14
60612,25,false,1,0.043478260869565216,10
60612,5,false,2,0.08695652173913043,10
60612,83,true,0,0.0,22
60612,60218,false,0,0.0,10
60612,115,false,0,0.0,10
60612,156,false,0,0.0,8
60612,1,false,0,0.0,8
60612,30,false,0,0.0,8
60612,52,false,0,0.0,8
60612,24,false,0,0.0,9
60612,46,false,0,0.0,8
196,94,false,2,0.3333333333333333,22
196,145,true,6,1.0,9
196,64,false,2,0.3333333333333333,8
196,79,false,1,0.16666666666666666,20
196,138,false,1,0.16666666666666666,9
196,204,false,0,0.0,33
196,61267,true,0,0.0,9
196,37,false,0,0.0,24
196,60359,false,0,0.0,14
196,63089,false,0,0.0,9
196,62347,false,0,0.0,9
196,260,true,0,0.0,8
196,60252,false,0,0.0,16
196,32,false,0,0.0,29
196,16,false,0,0.0,21
196,60232,false,0,0.0,17
196,61587,false,0,0.0,11
196,46,false,0,0.0,32
196,60425,false,0,0.0,10
196,24,false,0,0.0,23
196,60435,false,0,0.0,11
196,31,false,0,0.0,21
196,60345,false,0,0.0,16
196,216,false,0,0.0,13
196,8,false,0,0.0,28
196,75,false,0,0.0,10
196,60328,false,0,0.0,17
196,83,false,0,0.0,27
196,123,false,0,0.0,10
196,60240,false,0,0.0,25
196,55,false,0,0.0,19
196,5,false,0,0.0,24
196,60264,false,0,0.0,14
196,51,false,0,0.0,20
196,87,false,0,0.0,8
196,10,false,0,0.0,22
196,60352,false,0,0.0,14
196,200,false,0,0.0,13
196,114,false,0,0.0,13
196,115,false,0,0.0,21
196,60591,false,0,0.0,9
196,60218,false,0,0.0,17
196,68,false,0,0.0,18
196,60207,false,0,0.0,12
196,52,false,0,0.0,17
196,198,false,0,0.0,13
196,36,false,0,0.0,18
196,60515,false,0,0.0,8
196,107,false,0,0.0,11
196,97,false,0,0.0,18
196,60760,false,0,0.0,10
196,47,false,0,0.0,14
196,60378,false,0,0.0,13
196,15,false,0,0.0,12
196,60708,false,0,0.0,12
196,246,false,0,0.0,8
196,60480,false,0,0.0,10
196,44,false,0,0.0,18
196,1,false,0,0.0,17
196,60365,true,0,0.0,9
196,60338,false,0,0.0,14
196,21,false,0,0.0,15
196,57,false,0,0.0,18
196,25,false,0,0.0,17
196,156,false,0,0.0,12
196,185,false,0,0.0,8
196,30,false,0,0.0,14
196,60304,false,0,0.0,10
196,26,false,0,0.0,10
205,60454,false,182,1.0,9
205,60252,false,9,0.04945054945054945,14
205,25,false,25,0.13736263736263737,18
205,10,false,8,0.04395604395604396,20
205,60207,false,6,0.03296703296703297,28
205,31,false,19,0.1043956043956044,14
205,60232,false,4,0.02197802197802198,12
205,60240,false,11,0.06043956043956044,17
205,79,false,5,0.027472527472527472,12
205,16,false,10,0.054945054945054944,8
205,69,false,10,0.054945054945054944,9
205,44,false,10,0.054945054945054944,16
205,60218,false,2,0.01098901098901099,25
205,5,false,17,0.09340659340659341,15
205,60264,false,17,0.09340659340659341,18
205,8,false,10,0.054945054945054944,16
205,111,false,1,0.005494505494505495,10
205,37,false,2,0.01098901098901099,15
205,296,true,2,0.01098901098901099,17
205,51,false,2,0.01098901098901099,12
205,47,false,2,0.01098901098901099,16
205,60724,true,13,0.07142857142857142,8
205,189,false,2,0.01098901098901099,10
205,186,false,2,0.01098901098901099,11
205,94,false,3,0.016483516483516484,13
205,52,false,1,0.005494505494505495,17
205,213,false,2,0.01098901098901099,8
205,60284,false,1,0.005494505494505495,8
205,57,false,2,0.01098901098901099,11
205,32,false,2,0.01098901098901099,15
205,280,false,1,0.005494505494505495,9
205,75,false,1,0.005494505494505495,12
205,36,false,1,0.005494505494505495,11
205,482,true,0,0.0,8
205,192,false,0,0.0,8
205,60586,false,0,0.0,14
205,123,false,0,0.0,8
205,60425,false,0,0.0,10
205,60359,false,0,0.0,11
205,60328,false,0,0.0,14
205,60378,false,0,0.0,8
205,60465,false,0,0.0,10
205,1,false,0,0.0,11
205,60642,false,0,0.0,12
205,60481,false,0,0.0,11
205,156,false,0,0.0,13
205,46,false,0,0.0,15
205,60304,false,0,0.0,12
205,115,false,0,0.0,15
205,55,false,0,0.0,14
205,60760,false,0,0.0,11
205,26,false,0,0.0,14
205,284,false,0,0.0,12
205,60423,false,0,0.0,11
205,60626,false,0,0.0,8
205,60365,false,0,0.0,13
205,60515,false,0,0.0,15
205,196,false,0,0.0,9
205,83,false,0,0.0,9
205,87,false,0,0.0,10
205,216,false,0,0.0,10
205,60352,false,0,0.0,13
205,24,false,0,0.0,11
205,60345,false,0,0.0,8
205,60310,false,0,0.0,8
205,61587,false,0,0.0,10
205,165,false,0,0.0,12
205,18,false,0,0.0,8
205,64,false,0,0.0,10
205,110,false,0,0.0,8
205,30,false,0,0.0,10
205,68,false,0,0.0,10
205,21,false,0,0.0,10
213,47,true,995,0.9230055658627088,108
213,189,true,1078,1.0,19
213,245,true,29,0.026901669758812616,17
213,25,false,88,0.08163265306122448,42
213,60218,false,27,0.02504638218923933,44
213,5,false,36,0.03339517625231911,31
213,60264,false,16,0.014842300556586271,33
213,60207,false,17,0.015769944341372914,37
213,60252,false,6,0.0055658627087198514,15
213,97,false,16,0.014842300556586271,21
213,44,false,6,0.0055658627087198514,34
213,41,false,8,0.0074211502782931356,13
213,60430,false,5,0.00463821892393321,17
213,8,false,6,0.0055658627087198514,38
213,60240,false,8,0.0074211502782931356,26
213,60454,false,7,0.006493506493506494,14
213,357,false,1,9.276437847866419E-4,14
213,60811,false,8,0.0074211502782931356,8
213,60597,false,8,0.0074211502782931356,10
213,60734,false,1,9.276437847866419E-4,14
213,16,false,6,0.0055658627087198514,9
213,455,false,17,0.015769944341372914,8
213,55,false,2,0.0018552875695732839,21
213,495,false,2,0.0018552875695732839,10
213,31,false,1,9.276437847866419E-4,20
213,10,false,1,9.276437847866419E-4,21
213,69,false,6,0.0055658627087198514,14
213,85,false,1,9.276437847866419E-4,11
213,267,false,6,0.0055658627087198514,12
213,60906,false,1,9.276437847866419E-4,9
213,18,false,2,0.0018552875695732839,8
213,60304,false,3,0.0027829313543599257,8
213,152,false,2,0.0018552875695732839,10
213,57,false,0,0.0,41
213,60232,false,0,0.0,17
213,37,false,0,0.0,19
213,60423,false,0,0.0,25
213,60465,false,0,0.0,8
213,51,false,0,0.0,26
213,107,false,0,0.0,12
213,60352,false,0,0.0,21
213,1,false,0,0.0,15
213,60586,false,0,0.0,15
213,15,false,0,0.0,18
213,52,false,0,0.0,26
213,60601,false,0,0.0,14
213,60324,false,0,0.0,9
213,60328,false,0,0.0,26
213,60515,false,0,0.0,23
213,145,false,0,0.0,11
213,32,false,0,0.0,27
213,62908,false,0,0.0,10
213,60760,false,0,0.0,9
213,123,false,0,0.0,10
213,36,false,0,0.0,19
213,68,false,0,0.0,19
213,24,false,0,0.0,23
213,75,false,0,0.0,11
213,5171,false,0,0.0,8
213,60345,false,0,0.0,16
213,61822,false,0,0.0,9
213,60284,false,0,0.0,12
213,60447,false,0,0.0,8
213,67,false,0,0.0,14
213,66311,false,0,0.0,8
213,94,false,0,0.0,28
213,60577,false,0,0.0,8
213,60378,false,0,0.0,10
213,60855,false,0,0.0,8
213,115,false,0,0.0,11
213,215,false,0,0.0,8
213,62197,false,0,0.0,10
213,21,false,0,0.0,18
213,288,false,0,0.0,8
213,60365,false,0,0.0,13
213,232,false,0,0.0,19
213,60310,false,0,0.0,13
213,60425,false,0,0.0,14
213,911,false,0,0.0,8
213,269,false,0,0.0,8
213,26,false,0,0.0,20
213,850,false,0,0.0,8
213,110,false,0,0.0,9
213,60790,false,0,0.0,8
213,61006,false,0,0.0,8
213,138,false,0,0.0,9
213,111,false,0,0.0,8
213,144,false,0,0.0,8
213,60536,false,0,0.0,10
213,46,false,0,0.0,14
213,114,false,0,0.0,8
213,1395,false,0,0.0,9
213,60494,false,0,0.0,11
213,156,false,0,0.0,10
213,64,false,0,0.0,10
213,30,false,0,0.0,15
213,60970,false,0,0.0,10
213,79,false,0,0.0,15
213,83,false,0,0.0,13
213,604,false,0,0.0,11
213,536,false,0,0.0,9
213,62886,false,0,0.0,9
213,60626,false,0,0.0,11
213,216,false,0,0.0,10
213,60713,false,0,0.0,9
213,61840,false,0,0.0,9
213,60647,false,0,0.0,9
213,60642,false,0,0.0,10
213,60481,false,0,0.0,9
213,205,false,0,0.0,12
213,284,false,0,0.0,8
213,204,false,0,0.0,11
213,296,false,0,0.0,11
213,60338,false,0,0.0,10
213,61427,false,0,0.0,8
213,1134,false,0,0.0,8
213,60342,false,0,0.0,8
213,274,false,0,0.0,9
213,61267,false,0,0.0,11
213,60468,false,0,0.0,8
213,60697,false,0,0.0,10
213,60708,false,0,0.0,10
61151,138,true,0,0.0,23
66288,662,true,0,0.0,10
260,111,true,0,0.0,23
260,51,false,0,0.0,8
260,274,false,0,0.0,8
260,60515,false,0,0.0,9
260,60207,false,0,0.0,10
260,5,false,0,0.0,8
274,152,false,14,1.0,12
274,60218,false,11,0.7857142857142857,13
274,62660,false,10,0.7142857142857143,8
274,60430,false,10,0.7142857142857143,13
274,44,false,3,0.21428571428571427,16
274,8,false,3,0.21428571428571427,14
274,52,false,4,0.2857142857142857,15
274,5,false,3,0.21428571428571427,11
274,32,false,2,0.14285714285714285,12
274,25,false,1,0.07142857142857142,11
274,60264,false,1,0.07142857142857142,11
274,60240,false,1,0.07142857142857142,12
274,213,false,1,0.07142857142857142,10
274,21,false,2,0.14285714285714285,14
274,61059,true,0,0.0,8
274,264,false,0,0.0,8
274,60232,false,0,0.0,8
274,94,false,0,0.0,19
274,60328,true,0,0.0,14
274,145,false,0,0.0,8
274,57,false,0,0.0,15
274,60423,true,0,0.0,12
274,60365,false,0,0.0,8
274,204,false,0,0.0,9
274,60207,false,0,0.0,24
274,60601,false,0,0.0,13
274,10,false,0,0.0,11
274,83,false,0,0.0,10
274,85,false,0,0.0,9
274,60338,false,0,0.0,10
274,60515,false,0,0.0,11
274,296,true,0,0.0,9
274,31,false,0,0.0,8
274,30,false,0,0.0,10
274,55,false,0,0.0,10
274,260,false,0,0.0,10
274,1,false,0,0.0,10
274,232,true,0,0.0,8
274,268,false,0,0.0,9
274,61101,false,0,0.0,8
274,24,false,0,0.0,8
274,46,false,0,0.0,10
274,60579,false,0,0.0,8
60697,60207,false,6,0.8571428571428571,23
60697,60218,false,7,1.0,12
60697,2986,false,1,0.14285714285714285,12
60697,52,false,3,0.42857142857142855,15
60697,60734,false,6,0.8571428571428571,10
60697,60454,false,4,0.5714285714285714,14
60697,94,false,5,0.7142857142857143,9
60697,32,false,6,0.8571428571428571,12
60697,25,false,4,0.5714285714285714,9
60697,60240,false,6,0.8571428571428571,9
60697,36,false,6,0.8571428571428571,8
60697,44,false,3,0.42857142857142855,9
60697,60328,false,1,0.14285714285714285,8
60697,280,true,0,0.0,26
60697,4246,false,0,0.0,12
60697,64497,false,0,0.0,12
60697,60465,false,0,0.0,8
60697,213,false,0,0.0,10
60697,60284,false,0,0.0,8
60697,30,false,0,0.0,11
60697,57,false,0,0.0,11
60697,60647,false,0,0.0,9
60697,60642,false,0,0.0,9
60697,60586,false,0,0.0,9
60697,21,false,0,0.0,10
60697,60515,false,0,0.0,10
60697,24,false,0,0.0,8
60697,47,false,0,0.0,8
60697,55,false,0,0.0,8
60697,232,false,0,0.0,9
60697,5,false,0,0.0,8
60697,31,false,0,0.0,8
60697,60367,false,0,0.0,8
60697,26,false,0,0.0,9
60697,46,false,0,0.0,9
60697,205,false,0,0.0,9
284,60328,true,0,0.0,18
284,41,true,0,0.0,11
284,60423,true,0,0.0,13
284,60232,false,0,0.0,13
284,60264,false,0,0.0,18
284,37,true,0,0.0,11
284,135,true,0,0.0,8
284,60252,false,0,0.0,10
284,51,false,0,0.0,9
284,60474,false,0,0.0,8
284,55,false,0,0.0,18
284,60207,false,0,0.0,13
284,52,false,0,0.0,14
284,60647,false,0,0.0,9
284,10,false,0,0.0,11
284,264,false,0,0.0,8
284,79,false,0,0.0,8
284,32,false,0,0.0,13
284,57,false,0,0.0,10
284,44,false,0,0.0,11
284,1,false,0,0.0,9
284,5,false,0,0.0,11
284,60218,false,0,0.0,9
284,21,false,0,0.0,8
284,94,false,0,0.0,10
284,25,false,0,0.0,9
284,26,false,0,0.0,8
284,8,false,0,0.0,9
287,405,true,12,1.0,32
287,90,true,5,0.4166666666666667,38
287,10,false,2,0.16666666666666666,20
287,5,false,4,0.3333333333333333,12
287,60280,false,0,0.0,11
287,15,true,0,0.0,14
287,60232,false,0,0.0,10
287,37,false,0,0.0,9
287,145,false,0,0.0,9
287,83,false,0,0.0,10
287,69,false,0,0.0,8
287,60218,false,0,0.0,8
287,51,false,0,0.0,8
287,60328,false,0,0.0,9
287,60365,false,0,0.0,8
287,31,true,0,0.0,8
287,8,false,0,0.0,9
61217,274,true,2,1.0,32
296,60454,false,2,1.0,14
296,495,true,2,1.0,10
296,94,false,1,0.5,18
296,55,false,0,0.0,10
296,69,false,0,0.0,8
296,8,false,0,0.0,16
296,46,false,0,0.0,10
296,60207,false,0,0.0,20
296,52,false,0,0.0,14
296,31,false,0,0.0,9
296,5,false,0,0.0,18
296,25,false,0,0.0,17
296,60240,false,0,0.0,14
296,60328,false,0,0.0,10
296,60218,false,0,0.0,15
296,44,false,0,0.0,10
296,32,false,0,0.0,13
296,51,false,0,0.0,10
296,10,false,0,0.0,11
296,60512,false,0,0.0,8
296,79,false,0,0.0,8
296,232,true,0,0.0,9
296,24,false,0,0.0,10
296,57,false,0,0.0,13
296,328,false,0,0.0,9
296,60304,false,0,0.0,9
296,47,false,0,0.0,8
296,60559,false,0,0.0,8
296,21,false,0,0.0,9
296,60583,false,0,0.0,9
296,205,true,0,0.0,13
296,60310,false,0,0.0,9
296,60264,false,0,0.0,10
296,60367,false,0,0.0,8
296,152,false,0,0.0,8
296,213,false,0,0.0,9
296,165,false,0,0.0,9
296,60284,false,0,0.0,8
60207,60232,true,279,1.0,206
60207,10,true,147,0.5268817204301075,75
60207,60218,true,22,0.07885304659498207,79
60207,60252,false,36,0.12903225806451613,30
60207,60240,false,39,0.13978494623655913,68
60207,60454,false,192,0.6881720430107527,21
60207,8,false,18,0.06451612903225806,71
60207,5,false,10,0.035842293906810034,77
60207,60467,false,7,0.025089605734767026,9
60207,41,false,17,0.06093189964157706,29
60207,44,false,15,0.053763440860215055,64
60207,51,true,16,0.05734767025089606,37
60207,60264,false,21,0.07526881720430108,35
60207,60933,false,96,0.34408602150537637,8
60207,52,false,40,0.14336917562724014,33
60207,94,true,33,0.11827956989247312,39
60207,60450,true,1,0.0035842293906810036,12
60207,32,false,23,0.08243727598566308,38
60207,25,false,25,0.08960573476702509,57
60207,57,false,8,0.02867383512544803,51
60207,16,false,15,0.053763440860215055,23
60207,97,false,21,0.07526881720430108,33
60207,205,false,174,0.6236559139784946,19
60207,47,false,11,0.03942652329749104,37
60207,60420,false,60,0.21505376344086022,9
60207,60701,false,4,0.014336917562724014,10
60207,60439,false,10,0.035842293906810034,18
60207,60435,false,4,0.014336917562724014,13
60207,267,false,15,0.053763440860215055,15
60207,36,false,11,0.03942652329749104,26
60207,152,false,15,0.053763440860215055,21
60207,213,false,7,0.025089605734767026,34
60207,31,false,1,0.0035842293906810036,49
60207,37,false,1,0.0035842293906810036,27
60207,60734,false,42,0.15053763440860216,12
60207,189,false,7,0.025089605734767026,19
60207,60437,false,8,0.02867383512544803,15
60207,60981,false,8,0.02867383512544803,17
60207,79,false,8,0.02867383512544803,27
60207,107,false,3,0.010752688172043012,24
60207,60694,false,6,0.021505376344086023,12
60207,135,false,6,0.021505376344086023,13
60207,138,false,6,0.021505376344086023,19
60207,75,false,1,0.0035842293906810036,19
60207,60474,true,23,0.08243727598566308,11
60207,60378,false,1,0.0035842293906810036,25
60207,85,false,1,0.0035842293906810036,23
60207,60425,false,1,0.0035842293906810036,19
60207,60724,false,12,0.043010752688172046,16
60207,69,false,15,0.053763440860215055,24
60207,60801,false,6,0.021505376344086023,15
60207,60342,false,11,0.03942652329749104,14
60207,290,false,15,0.053763440860215055,8
60207,64,false,4,0.014336917562724014,17
60207,111,false,2,0.007168458781362007,16
60207,60796,false,1,0.0035842293906810036,9
60207,55,false,10,0.035842293906810034,18
60207,216,false,3,0.010752688172043012,37
60207,495,false,12,0.043010752688172046,12
60207,60324,false,4,0.014336917562724014,15
60207,165,false,12,0.043010752688172046,16
60207,60591,false,1,0.0035842293906810036,25
60207,67,false,6,0.021505376344086023,11
60207,60592,false,5,0.017921146953405017,14
60207,280,false,3,0.010752688172043012,18
60207,60310,false,4,0.014336917562724014,21
60207,60659,false,6,0.021505376344086023,9
60207,60577,false,2,0.007168458781362007,11
60207,26,false,2,0.007168458781362007,25
60207,149,false,1,0.0035842293906810036,13
60207,60661,false,1,0.0035842293906810036,10
60207,156,false,2,0.007168458781362007,19
60207,60304,false,1,0.0035842293906810036,20
60207,197,false,1,0.0035842293906810036,11
60207,60536,false,1,0.0035842293906810036,19
60207,21,false,1,0.0035842293906810036,22
60207,24,false,1,0.0035842293906810036,19
60207,60434,false,2,0.007168458781362007,13
60207,60736,false,1,0.0035842293906810036,9
60207,185,false,2,0.007168458781362007,8
60207,911,false,1,0.0035842293906810036,10
60207,60717,false,2,0.007168458781362007,8
60207,60482,false,1,0.0035842293906810036,13
60207,30,false,1,0.0035842293906810036,15
60207,60284,false,1,0.0035842293906810036,13
60207,60579,false,2,0.007168458781362007,8
60207,15,false,0,0.0,37
60207,74,false,0,0.0,14
60207,1,false,0,0.0,36
60207,90,false,0,0.0,11
60207,186,false,0,0.0,11
60207,60564,false,0,0.0,8
60207,60328,false,0,0.0,40
60207,287,false,0,0.0,14
60207,175,false,0,0.0,21
60207,60423,false,0,0.0,26
60207,60444,false,0,0.0,8
60207,215,false,0,0.0,20
60207,87,false,0,0.0,10
60207,60447,false,0,0.0,15
60207,256,false,0,0.0,14
60207,60367,false,0,0.0,20
60207,60280,false,0,0.0,9
60207,60586,false,0,0.0,15
60207,60479,false,0,0.0,10
60207,60345,false,0,0.0,18
60207,145,false,0,0.0,16
60207,60365,false,0,0.0,17
60207,232,false,0,0.0,21
60207,46,false,0,0.0,28
60207,230,false,0,0.0,15
60207,60760,false,0,0.0,22
60207,219,false,0,0.0,8
60207,236,false,0,0.0,10
60207,60601,false,0,0.0,18
60207,123,false,0,0.0,15
60207,60559,false,0,0.0,16
60207,266,false,0,0.0,9
60207,83,false,0,0.0,19
60207,115,false,0,0.0,24
60207,204,false,0,0.0,14
60207,68,false,0,0.0,15
60207,60970,false,0,0.0,10
60207,274,false,0,0.0,17
60207,288,false,0,0.0,14
60207,193,false,0,0.0,12
60207,60690,false,0,0.0,8
60207,1485,false,0,0.0,8
60207,60407,false,0,0.0,13
60207,60352,false,0,0.0,19
60207,328,false,0,0.0,15
60207,61667,false,0,0.0,8
60207,604,false,0,0.0,9
60207,60770,false,0,0.0,11
60207,114,false,0,0.0,10
60207,60430,false,0,0.0,14
60207,61688,false,0,0.0,8
60207,61124,false,0,0.0,8
60207,60480,false,0,0.0,11
60207,60642,false,0,0.0,15
60207,60338,false,0,0.0,24
60207,60625,false,0,0.0,10
60207,60689,false,0,0.0,9
60207,60321,false,0,0.0,8
60207,196,false,0,0.0,16
60207,60515,false,0,0.0,19
60207,60647,false,0,0.0,12
60207,622,false,0,0.0,10
60207,60470,false,0,0.0,9
60207,60542,false,0,0.0,10
60207,60863,false,0,0.0,8
60207,60506,false,0,0.0,17
60207,60985,false,0,0.0,10
60207,60512,false,0,0.0,9
60207,60930,false,0,0.0,9
60207,296,false,0,0.0,14
60207,60409,false,0,0.0,9
60207,169,false,0,0.0,10
60207,60708,false,0,0.0,13
60207,850,false,0,0.0,10
60207,60465,false,0,0.0,8
60207,60481,false,0,0.0,11
60207,60688,false,0,0.0,8
60207,519,false,0,0.0,11
60207,60929,false,0,0.0,10
60207,536,false,0,0.0,12
60207,268,false,0,0.0,8
60207,60906,false,0,0.0,9
60207,307,false,0,0.0,9
60207,61822,false,0,0.0,9
60207,60917,false,0,0.0,8
60207,60494,false,0,0.0,9
60207,498,false,0,0.0,8
60207,60670,false,0,0.0,12
60724,60264,false,3,0.14285714285714285,13
60724,274,true,4,0.19047619047619047,12
60724,25,false,21,1.0,11
60724,60207,false,16,0.7619047619047619,9
60724,60218,false,3,0.14285714285714285,12
60724,44,false,2,0.09523809523809523,13
60724,5,false,1,0.047619047619047616,9
60724,8,false,2,0.09523809523809523,9
60724,495,true,0,0.0,57
60724,60352,false,0,0.0,9
60724,60515,false,0,0.0,11
60724,64,false,0,0.0,11
60724,47,false,0,0.0,8
60724,216,false,0,0.0,8
60724,57,false,0,0.0,8
60218,10,true,174,1.0,58
60218,5,false,44,0.25287356321839083,59
60218,152,false,73,0.41954022988505746,17
60218,60252,false,17,0.09770114942528736,25
60218,60232,true,12,0.06896551724137931,34
60218,60439,false,44,0.25287356321839083,13
60218,60207,true,27,0.15517241379310345,41
60218,60240,false,17,0.09770114942528736,35
60218,47,false,22,0.12643678160919541,27
60218,135,false,6,0.034482758620689655,19
60218,60454,false,16,0.09195402298850575,14
60218,25,false,20,0.11494252873563218,39
60218,44,false,6,0.034482758620689655,38
60218,165,false,11,0.06321839080459771,15
60218,31,false,3,0.017241379310344827,30
60218,8,false,7,0.040229885057471264,45
60218,280,false,8,0.04597701149425287,18
60218,189,false,21,0.1206896551724138,14
60218,94,false,11,0.06321839080459771,28
60218,57,false,5,0.028735632183908046,39
60218,60264,false,10,0.05747126436781609,26
60218,41,false,6,0.034482758620689655,18
60218,97,false,10,0.05747126436781609,19
60218,60324,false,5,0.028735632183908046,15
60218,37,false,3,0.017241379310344827,18
60218,60425,false,4,0.022988505747126436,14
60218,51,false,3,0.017241379310344827,22
60218,36,false,5,0.028735632183908046,20
60218,60328,false,3,0.017241379310344827,25
60218,60724,false,2,0.011494252873563218,14
60218,85,false,2,0.011494252873563218,15
60218,60597,false,18,0.10344827586206896,8
60218,107,false,6,0.034482758620689655,16
60218,264,false,3,0.017241379310344827,14
60218,149,false,2,0.011494252873563218,13
60218,52,false,5,0.028735632183908046,20
60218,16,false,6,0.034482758620689655,12
60218,213,false,13,0.07471264367816093,18
60218,69,false,6,0.034482758620689655,15
60218,60342,false,11,0.06321839080459771,11
60218,60304,false,15,0.08620689655172414,12
60218,15,false,2,0.011494252873563218,18
60218,55,false,2,0.011494252873563218,22
60218,267,false,6,0.034482758620689655,10
60218,64,false,2,0.011494252873563218,12
60218,60592,false,2,0.011494252873563218,11
60218,138,false,12,0.06896551724137931,8
60218,60284,false,6,0.034482758620689655,11
60218,60367,false,1,0.005747126436781609,17
60218,123,false,1,0.005747126436781609,14
60218,111,false,1,0.005747126436781609,10
60218,268,false,1,0.005747126436781609,9
60218,32,false,5,0.028735632183908046,17
60218,205,false,3,0.017241379310344827,13
60218,230,false,2,0.011494252873563218,9
60218,495,false,3,0.017241379310344827,10
60218,60625,false,1,0.005747126436781609,13
60218,79,false,2,0.011494252873563218,15
60218,60338,false,1,0.005747126436781609,20
60218,24,false,2,0.011494252873563218,11
60218,519,false,1,0.005747126436781609,8
60218,46,false,1,0.005747126436781609,17
60218,60345,false,1,0.005747126436781609,12
60218,60470,false,1,0.005747126436781609,11
60218,60434,false,2,0.011494252873563218,9
60218,60430,false,2,0.011494252873563218,10
60218,60985,false,1,0.005747126436781609,8
60218,232,false,1,0.005747126436781609,12
60218,274,false,2,0.011494252873563218,8
60218,26,false,1,0.005747126436781609,11
60218,60474,true,0,0.0,18
60218,60378,false,0,0.0,22
60218,413,false,0,0.0,11
60218,60669,false,0,0.0,10
60218,328,false,0,0.0,10
60218,60601,false,0,0.0,11
60218,256,false,0,0.0,12
60218,266,false,0,0.0,8
60218,1,false,0,0.0,24
60218,60423,false,0,0.0,16
60218,175,false,0,0.0,15
60218,60536,false,0,0.0,14
60218,60225,false,0,0.0,8
60218,60352,false,0,0.0,16
60218,83,false,0,0.0,17
60218,60760,false,0,0.0,15
60218,74,false,0,0.0,9
60218,215,false,0,0.0,11
60218,87,false,0,0.0,8
60218,60310,false,0,0.0,11
60218,216,false,0,0.0,17
60218,75,false,0,0.0,8
60218,60359,false,0,0.0,8
60218,68,false,0,0.0,13
60218,60515,false,0,0.0,12
60218,60494,false,0,0.0,8
60218,236,false,0,0.0,8
60218,60591,false,0,0.0,11
60218,115,false,0,0.0,16
60218,67,false,0,0.0,11
60218,60447,false,0,0.0,8
60218,193,false,0,0.0,10
60218,186,false,0,0.0,8
60218,60586,false,0,0.0,8
60218,145,false,0,0.0,9
60218,204,false,0,0.0,11
60218,196,false,0,0.0,11
60218,200,false,0,0.0,9
60218,156,false,0,0.0,11
60218,185,false,0,0.0,8
60218,60482,false,0,0.0,9
60218,60770,false,0,0.0,8
60218,30,false,0,0.0,11
60218,60506,false,0,0.0,8
60218,21,false,0,0.0,12
60218,300,false,0,0.0,8
60218,1134,false,0,0.0,8
323,47,true,0,0.0,8
323,193,true,0,0.0,9
60232,10,true,117,1.0,38
60232,60207,true,34,0.2905982905982906,21
60232,60218,true,11,0.09401709401709402,17
60232,8,false,5,0.042735042735042736,24
60232,57,false,2,0.017094017094017096,21
60232,47,false,3,0.02564102564102564,14
60232,16,false,4,0.03418803418803419,14
60232,280,false,5,0.042735042735042736,9
60232,25,false,11,0.09401709401709402,13
60232,51,true,10,0.08547008547008547,11
60232,69,false,4,0.03418803418803419,10
60232,60310,false,1,0.008547008547008548,9
60232,5,false,1,0.008547008547008548,20
60232,60240,false,3,0.02564102564102564,13
60232,31,false,1,0.008547008547008548,12
60232,60264,false,5,0.042735042735042736,9
60232,97,false,5,0.042735042735042736,9
60232,44,false,4,0.03418803418803419,10
60232,37,false,1,0.008547008547008548,11
60232,79,false,5,0.042735042735042736,8
60232,41,false,1,0.008547008547008548,11
60232,32,false,4,0.03418803418803419,9
60232,60352,false,1,0.008547008547008548,8
60232,55,false,1,0.008547008547008548,9
60232,115,false,1,0.008547008547008548,10
60232,60328,false,0,0.0,12
60232,60506,false,0,0.0,9
60232,75,false,0,0.0,10
60232,60760,false,0,0.0,8
60232,1,false,0,0.0,10
60232,21,false,0,0.0,8
60232,46,false,0,0.0,9
60232,26,false,0,0.0,8
61267,186,true,0,0.0,8
61267,10,false,0,0.0,10
61267,37,false,0,0.0,8
61267,60697,false,0,0.0,8
61267,60207,false,0,0.0,9
61267,47,false,0,0.0,8
61267,64,false,0,0.0,9
61267,60218,false,0,0.0,8
61267,55,false,0,0.0,8
61267,60365,true,0,0.0,8
61267,205,false,0,0.0,9
61267,52,false,0,0.0,8
61267,32,false,0,0.0,8
61267,8,false,0,0.0,10
61267,26,false,0,0.0,8
61267,21,false,0,0.0,8
61267,46,false,0,0.0,8
60264,8,true,1114,1.0,118
60264,16,true,1066,0.9569120287253142,41
60264,44,true,1066,0.9569120287253142,67
60264,69,true,1066,0.9569120287253142,33
60264,25,true,179,0.1606822262118492,69
60264,60335,true,80,0.0718132854578097,10
60264,267,true,1066,0.9569120287253142,23
60264,218,true,179,0.1606822262118492,12
60264,60207,false,71,0.06373429084380611,53
60264,60240,false,53,0.04757630161579892,60
60264,60252,false,50,0.04488330341113106,25
60264,47,false,24,0.02154398563734291,47
60264,52,false,38,0.03411131059245961,47
60264,5,false,37,0.03321364452423698,58
60264,60218,false,21,0.018850987432675045,56
60264,60232,false,5,0.004488330341113106,32
60264,36,false,13,0.011669658886894075,39
60264,60683,false,53,0.04757630161579892,14
60264,10,false,11,0.009874326750448833,39
60264,79,false,16,0.01436265709156194,26
60264,32,false,23,0.02064631956912029,42
60264,60425,false,17,0.01526032315978456,12
60264,138,false,21,0.018850987432675045,17
60264,60474,false,20,0.017953321364452424,13
60264,60324,false,15,0.013464991023339317,18
60264,60981,false,16,0.01436265709156194,11
60264,55,false,7,0.0062836624775583485,38
60264,60597,false,52,0.0466786355475763,8
60264,60352,false,3,0.0026929982046678637,32
60264,60933,false,8,0.00718132854578097,11
60264,60367,false,10,0.008976660682226212,19
60264,21,false,10,0.008976660682226212,39
60264,211,false,5,0.004488330341113106,9
60264,60454,false,31,0.027827648114901255,19
60264,15,false,2,0.0017953321364452424,25
60264,189,false,11,0.009874326750448833,16
60264,60481,false,1,8.976660682226212E-4,19
60264,60310,false,8,0.00718132854578097,18
60264,64,false,4,0.003590664272890485,20
60264,60734,false,28,0.025134649910233394,11
60264,60345,false,3,0.0026929982046678637,27
60264,357,false,4,0.003590664272890485,13
60264,31,false,3,0.0026929982046678637,33
60264,60586,false,3,0.0026929982046678637,16
60264,60338,false,3,0.0026929982046678637,25
60264,213,false,4,0.003590664272890485,24
60264,24,false,7,0.0062836624775583485,29
60264,135,false,4,0.003590664272890485,16
60264,26,false,5,0.004488330341113106,36
60264,51,false,4,0.003590664272890485,29
60264,156,false,2,0.0017953321364452424,23
60264,60321,false,5,0.004488330341113106,10
60264,60423,false,1,8.976660682226212E-4,25
60264,60304,false,6,0.005385996409335727,23
60264,62238,false,1,8.976660682226212E-4,8
60264,30,false,7,0.0062836624775583485,29
60264,41,false,12,0.010771992818671455,9
60264,57,false,1,8.976660682226212E-4,41
60264,94,false,3,0.0026929982046678637,33
60264,68,false,2,0.0017953321364452424,27
60264,495,false,4,0.003590664272890485,11
60264,60430,false,2,0.0017953321364452424,22
60264,274,false,2,0.0017953321364452424,20
60264,60764,false,3,0.0026929982046678637,11
60264,111,false,3,0.0026929982046678637,9
60264,61587,false,10,0.008976660682226212,14
60264,60659,false,6,0.005385996409335727,13
60264,216,false,4,0.003590664272890485,24
60264,61212,false,4,0.003590664272890485,10
60264,205,false,5,0.004488330341113106,24
60264,60694,false,9,0.00807899461400359,9
60264,60515,false,2,0.0017953321364452424,24
60264,60494,false,3,0.0026929982046678637,13
60264,60592,false,1,8.976660682226212E-4,13
60264,60625,false,5,0.004488330341113106,10
60264,60465,false,6,0.005385996409335727,9
60264,175,false,1,8.976660682226212E-4,12
60264,60579,false,2,0.0017953321364452424,12
60264,60468,false,2,0.0017953321364452424,11
60264,60536,false,2,0.0017953321364452424,16
60264,185,false,3,0.0026929982046678637,13
60264,60583,false,17,0.01526032315978456,14
60264,145,false,2,0.0017953321364452424,9
60264,152,false,3,0.0026929982046678637,13
60264,60724,false,4,0.003590664272890485,11
60264,110,false,1,8.976660682226212E-4,15
60264,197,false,2,0.0017953321364452424,9
60264,60626,false,1,8.976660682226212E-4,8
60264,280,false,1,8.976660682226212E-4,11
60264,60542,false,2,0.0017953321364452424,12
60264,1134,false,1,8.976660682226212E-4,8
60264,60435,false,1,8.976660682226212E-4,8
60264,68540,false,3,0.0026929982046678637,8
60264,60801,false,4,0.003590664272890485,13
60264,62886,false,11,0.009874326750448833,9
60264,61654,false,1,8.976660682226212E-4,14
60264,60670,false,3,0.0026929982046678637,8
60264,60512,false,1,8.976660682226212E-4,11
60264,60932,false,5,0.004488330341113106,12
60264,328,false,1,8.976660682226212E-4,11
60264,60559,false,1,8.976660682226212E-4,8
60264,61840,false,1,8.976660682226212E-4,9
60264,60697,false,1,8.976660682226212E-4,13
60264,97,true,0,0.0,57
60264,60305,true,0,0.0,12
60264,169,false,0,0.0,14
60264,37,false,0,0.0,26
60264,60365,false,0,0.0,26
60264,60328,false,0,0.0,38
60264,60760,false,0,0.0,25
60264,60480,false,0,0.0,18
60264,46,false,0,0.0,42
60264,1,false,0,0.0,27
60264,61850,false,0,0.0,9
60264,60479,false,0,0.0,8
60264,60591,false,0,0.0,19
60264,232,false,0,0.0,26
60264,60359,false,0,0.0,11
60264,123,false,0,0.0,11
60264,87,false,0,0.0,13
60264,75,false,0,0.0,15
60264,60409,false,0,0.0,15
60264,85,false,0,0.0,13
60264,115,false,0,0.0,23
60264,60378,false,0,0.0,12
60264,204,false,0,0.0,19
60264,230,false,0,0.0,8
60264,60790,false,0,0.0,10
60264,200,false,0,0.0,14
60264,60470,false,0,0.0,17
60264,594,false,0,0.0,8
60264,196,false,0,0.0,21
60264,256,false,0,0.0,8
60264,83,false,0,0.0,23
60264,61059,false,0,0.0,9
60264,60708,false,0,0.0,16
60264,300,false,0,0.0,10
60264,604,false,0,0.0,16
60264,198,false,0,0.0,13
60264,60713,false,0,0.0,16
60264,193,false,0,0.0,14
60264,186,false,0,0.0,10
60264,60419,false,0,0.0,8
60264,269,false,0,0.0,11
60264,60284,false,0,0.0,16
60264,107,false,0,0.0,10
60264,62197,false,0,0.0,10
60264,144,false,0,0.0,9
60264,118,false,0,0.0,15
60264,114,false,0,0.0,10
60264,60647,false,0,0.0,13
60264,165,false,0,0.0,12
60264,60601,false,0,0.0,15
60264,60506,false,0,0.0,13
60264,60930,false,0,0.0,10
60264,18,false,0,0.0,13
60264,60225,false,0,0.0,9
60264,60827,false,0,0.0,8
60264,245,false,0,0.0,8
60264,61006,false,0,0.0,9
60264,296,false,0,0.0,14
60264,60434,false,0,0.0,12
60264,60906,false,0,0.0,10
60264,69989,false,0,0.0,8
60264,60599,false,0,0.0,11
60264,60749,false,0,0.0,9
60264,60956,false,0,0.0,8
60264,67,false,0,0.0,11
60264,63191,false,0,0.0,10
60264,64393,false,0,0.0,8
60264,60342,false,0,0.0,10
60264,498,false,0,0.0,8
362,31,true,0,0.0,19
362,15,true,0,0.0,8
370,31,true,29,1.0,12
382,1,true,0,0.0,10
60801,60328,true,20,1.0,11
60801,44,false,5,0.25,9
60801,8,false,6,0.3,8
60801,60515,false,0,0.0,10
61318,60826,true,70,1.0,17
61318,60683,false,56,0.8,8
61318,25,false,1,0.014285714285714285,8
61318,60607,false,0,0.0,9
61318,44,false,0,0.0,8
61318,8,false,0,0.0,8
61320,370,true,8,1.0,8
61320,362,true,0,0.0,9
61320,60207,false,0,0.0,13
61320,60425,false,0,0.0,8
61320,94,false,0,0.0,8
61320,268,false,0,0.0,8
61320,274,false,0,0.0,11
61320,60218,false,0,0.0,9
60305,16,true,0,0.0,9
60305,8,true,0,0.0,12
60335,8,true,471,1.0,11
60335,25,true,2,0.004246284501061571,8
946,604,true,0,0.0,15
946,60207,false,0,0.0,8
60365,10,false,16,1.0,17
60365,145,true,1,0.0625,14
60365,51,false,1,0.0625,18
60365,5,false,1,0.0625,18
60365,60420,false,0,0.0,9
60365,60252,false,0,0.0,13
60365,37,false,0,0.0,16
60365,60378,false,0,0.0,12
60365,85,false,0,0.0,10
60365,60345,false,0,0.0,11
60365,60480,false,0,0.0,9
60365,60328,false,0,0.0,14
60365,31,false,0,0.0,17
60365,36,false,0,0.0,20
60365,15,false,0,0.0,11
60365,60207,false,0,0.0,12
60365,60218,false,0,0.0,14
60365,55,false,0,0.0,18
60365,79,false,0,0.0,16
60365,114,false,0,0.0,9
60365,57,false,0,0.0,12
60365,69,false,0,0.0,11
60365,83,false,0,0.0,16
60365,46,false,0,0.0,18
60365,204,false,0,0.0,13
60365,60232,false,0,0.0,9
60365,107,false,0,0.0,9
60365,24,false,0,0.0,16
60365,67,false,0,0.0,9
60365,16,false,0,0.0,14
60365,1,false,0,0.0,12
60365,156,false,0,0.0,11
60365,68,false,0,0.0,13
60365,196,true,0,0.0,10
60365,8,false,0,0.0,19
60365,60304,false,0,0.0,9
60365,30,false,0,0.0,13
60365,200,false,0,0.0,10
60365,60338,false,0,0.0,9
60365,52,false,0,0.0,14
60365,198,false,0,0.0,10
60365,185,false,0,0.0,9
60365,115,false,0,0.0,9
60365,21,false,0,0.0,10
60365,60240,false,0,0.0,8
60365,32,false,0,0.0,9
60365,97,false,0,0.0,9
60378,60207,false,3,0.5,20
60378,52,false,6,1.0,11
60378,10,false,1,0.16666666666666666,11
60378,25,false,1,0.16666666666666666,11
60378,107,true,0,0.0,36
60378,1,true,0,0.0,41
60378,60591,true,0,0.0,12
60378,2965,false,0,0.0,8
60378,60470,true,0,0.0,12
60378,200,false,0,0.0,24
60378,198,false,0,0.0,23
60378,185,false,0,0.0,19
60378,60218,false,0,0.0,16
60378,60468,false,0,0.0,8
60378,44,false,0,0.0,17
60378,60264,false,0,0.0,9
60378,175,false,0,0.0,9
60378,156,false,0,0.0,14
60378,196,false,0,0.0,12
60378,60232,false,0,0.0,9
60378,79,true,0,0.0,13
60378,55,false,0,0.0,19
60378,5,false,0,0.0,18
60378,8,false,0,0.0,14
60378,21,false,0,0.0,12
60378,32,false,0,0.0,13
60378,115,false,0,0.0,15
60378,60252,false,0,0.0,9
60378,60760,false,0,0.0,10
60378,47,false,0,0.0,11
60378,26,false,0,0.0,14
60378,51,false,0,0.0,10
60378,60338,false,0,0.0,8
60378,60240,false,0,0.0,11
60378,83,true,0,0.0,10
60378,46,false,0,0.0,10
60378,30,false,0,0.0,9
60378,24,false,0,0.0,8
60378,31,false,0,0.0,8
60902,107,true,0,0.0,8
495,44,false,2,0.3333333333333333,13
495,60430,false,2,0.3333333333333333,9
495,60218,false,5,0.8333333333333334,11
495,10,false,6,1.0,8
495,60232,false,1,0.16666666666666666,9
495,8,false,3,0.5,12
495,5,false,1,0.16666666666666666,10
495,790,true,0,0.0,15
495,60328,false,0,0.0,13
495,60423,false,0,0.0,9
495,52,false,0,0.0,8
63472,60823,true,0,0.0,13
